dauid,area_sq_km,pop_total,hhld_total,vismin_total,vismin_vismin,lico_total,lico_lico,fam_total,fam_oneparent,fam_onemother
48060056,0.1221,465,166,480,265,465,15,140,15,15
48060057,0.0866,377,134,390,155,375,10,120,15,15
48060058,0.1557,467,183,475,255,470,30,140,25,15
48060059,0.0888,351,144,385,175,350,15,110,5,5
48060060,0.2522,612,215,635,345,615,20,195,30,15
48060061,0.1082,443,176,480,225,445,20,130,25,15
48060062,0.2534,602,224,595,140,605,50,170,30,20
48060063,0.1232,736,255,695,355,740,60,195,60,50
48060064,0.094,450,177,470,275,450,35,125,35,30
48060065,0.1159,364,146,385,165,360,30,100,15,10
48060066,0.2767,531,215,455,90,530,40,170,30,25
48060067,0.1737,598,233,565,115,595,30,180,35,25
48060068,0.1028,403,148,410,160,395,40,100,35,35
48060069,0.1158,392,137,390,125,395,35,105,25,15
48060070,0.122,384,148,340,135,385,30,105,15,10
48060071,0.2183,554,231,570,145,550,35,165,40,35
48060072,0.1039,353,141,375,85,350,25,100,25,25
48060073,0.18,467,194,425,200,465,35,120,35,25
48060074,0.0763,273,111,280,65,270,15,85,15,10
48060075,0.1242,365,184,370,85,365,10,100,30,25
48060077,0.1315,360,157,385,105,360,30,105,20,15
48060078,0.1658,597,247,630,150,595,20,170,30,25
48060079,0.1462,655,230,620,330,655,40,175,55,50
48060080,0.0225,271,107,295,150,270,20,80,35,30
48060085,0.1722,600,237,595,300,600,65,165,45,30
48060086,0.249,446,178,465,115,445,25,125,25,20
48060087,0.2917,539,222,540,105,540,30,155,15,15
48060088,0.203,437,202,440,80,435,20,120,20,20
48060089,0.2248,557,230,480,115,555,40,145,25,20
48060090,0.3712,676,374,680,275,675,85,145,35,30
48060091,0.1615,523,242,505,140,520,40,125,25,20
48060092,0.4001,728,375,710,260,685,65,165,35,25
48060093,0.1529,623,311,585,270,625,55,150,35,30
48060094,0.4337,669,251,535,190,505,85,115,40,30
48060095,0.1265,570,260,505,230,565,45,150,35,30
48060096,0.1461,574,264,580,220,570,65,140,30,25
48060097,0.1763,605,308,670,235,605,35,145,35,30
48060098,0.1446,688,280,800,260,690,30,205,15,15
48060099,0.1552,593,285,485,90,585,45,170,25,20
48060100,0.0979,382,166,380,60,385,25,115,10,5
48060101,0.2777,440,181,440,60,440,20,125,10,10
48060102,0.2495,756,288,780,115,755,25,220,20,10
48060103,0.1993,621,287,655,150,620,40,175,20,20
48060104,0.1755,835,384,870,230,835,65,210,25,20
48060105,0.2198,611,234,535,125,610,30,180,20,10
48060106,0.187,833,398,875,255,835,65,220,30,25
48060107,0.1362,513,246,490,70,515,35,145,20,15
48060108,0.1636,521,197,520,90,520,25,160,10,10
48060109,0.3025,1010,634,995,215,1005,110,225,25,20
48060110,0.2291,764,338,740,80,760,50,210,35,30
48060112,0.0878,627,385,620,85,625,75,135,20,15
48060113,0.0521,380,228,420,90,380,35,80,15,10
48060114,0.0718,421,269,430,140,420,45,85,10,10
48060115,0.096,784,504,825,245,785,75,175,15,10
48060116,0.0971,630,322,640,170,630,65,165,45,40
48060117,0.1328,811,303,635,120,645,50,165,15,10
48060118,0.1975,717,452,665,175,720,65,180,15,10
48060119,0.1687,713,300,775,175,715,30,205,10,10
48060120,0.1205,536,218,465,75,535,30,155,20,15
48060121,0.2393,605,251,615,120,605,25,170,15,15
48060122,0.074,478,231,495,115,480,50,145,40,35
48060123,0.1059,384,232,370,70,380,35,90,10,5
48060124,0.1198,547,252,490,135,460,40,105,20,15
48060125,0.3962,566,284,525,125,565,40,145,10,10
48060126,0.2734,599,213,580,120,585,25,170,15,10
48060127,0.2296,497,172,545,130,495,10,135,10,5
48060128,0.2622,468,180,520,90,465,5,135,10,10
48060129,0.1848,490,182,505,115,490,35,145,15,10
48060130,0.2172,517,239,495,155,515,50,145,10,5
48060131,0.2861,670,163,345,155,340,45,75,5,5
48060132,0.7008,488,174,500,85,460,15,145,5,5
48060133,0.2087,709,270,730,155,705,25,205,25,20
48060134,0.2724,606,248,625,95,605,35,175,20,10
48060135,0.1473,678,358,690,190,680,35,170,15,15
48060136,0.2156,643,266,655,170,645,20,195,20,15
48060137,0.1447,519,214,535,120,515,35,145,10,5
48060138,0.3277,1025,466,670,115,735,40,200,25,25
48060139,0.2533,600,328,675,60,600,45,170,25,15
48060140,0.6907,952,390,995,125,955,25,285,35,25
48060142,0.254,544,211,625,100,545,15,160,20,20
48060143,0.2813,1017,401,1025,370,1015,80,270,50,35
48060144,0.1274,493,223,585,205,490,30,130,35,30
48060145,0.1866,603,257,555,210,605,50,170,50,35
48060146,0.1243,609,269,605,285,610,65,145,50,45
48060147,0.1223,568,231,555,165,565,50,145,30,30
48060148,0.1032,520,259,500,220,515,50,110,25,20
48060149,0.198,552,260,565,170,555,80,150,35,30
48060150,0.1267,536,210,475,215,530,70,150,55,45
48060151,0.1133,578,261,555,215,575,50,160,40,30
48060152,0.1087,303,123,305,65,300,10,90,10,10
48060153,0.3072,584,242,575,95,585,15,185,30,25
48060154,0.2295,392,165,420,125,390,15,105,25,20
48060155,0.1306,415,159,420,40,390,10,115,20,15
48060156,0.1027,325,135,325,40,325,5,90,10,10
48060157,0.1517,542,215,575,95,540,55,145,25,25
48060160,0.3322,749,300,705,110,750,20,240,25,10
48060161,0.0928,289,110,280,45,285,10,95,10,0
48060162,0.1938,383,130,405,70,380,15,115,10,10
48060163,0.287,721,266,685,230,725,70,230,60,50
48060165,0.4045,733,272,700,120,730,30,235,25,20
48060166,0.3165,561,215,520,80,565,10,175,15,15
48060167,0.1202,405,166,405,40,405,15,125,15,10
48060168,0.2197,741,347,700,165,740,50,210,35,20
48060169,0.0778,339,192,365,55,340,25,90,10,5
48060171,0.2069,465,156,520,170,465,30,140,10,10
48060172,0.7955,1011,429,1015,405,1010,25,335,30,20
48060173,0.4777,1567,895,1535,465,1570,125,410,70,55
48060174,1.9569,470,187,430,70,465,30,145,25,10
48060175,0.2118,586,230,555,20,585,10,175,15,10
48060177,0.1551,669,306,575,125,670,50,185,35,25
48060178,0.1548,431,192,375,40,385,20,105,15,10
48060179,0.1838,677,280,725,130,675,45,185,10,10
48060180,0.1758,592,246,640,170,595,45,160,30,25
48060181,0.2207,470,212,460,70,470,40,135,15,5
48060183,0.1203,450,94,190,30,200,10,60,0,0
48060184,0.4438,619,320,675,95,620,45,150,55,45
48060185,0.1645,362,163,365,35,350,15,90,10,5
48060186,0.1475,408,182,390,80,405,25,115,25,20
48060187,0.0661,460,183,345,125,335,40,75,25,20
48060188,0.1021,293,133,270,65,265,45,80,30,20
48060189,0.2508,388,171,340,50,380,55,95,25,25
48060190,0.1258,500,228,550,115,500,35,150,30,25
48060191,0.2473,450,196,430,85,445,15,130,30,25
48060192,0.0705,388,184,430,35,390,40,100,25,20
48060193,0.1989,423,188,425,135,420,50,110,35,35
48060194,0.1103,508,234,535,130,500,40,125,30,25
48060195,0.1192,560,351,520,140,560,105,110,30,25
48060196,0.1229,391,207,370,85,390,50,95,20,20
48060197,0.1655,630,302,560,85,625,90,160,40,25
48060198,0.3557,607,280,650,25,610,35,165,30,20
48060199,0.1643,466,217,505,25,470,25,135,25,25
48060200,0.1783,550,234,480,15,550,25,155,25,20
48060201,0.1845,377,168,330,15,380,25,110,25,20
48060202,0.1856,924,488,890,50,925,110,245,60,45
48060203,0.3824,374,162,370,40,370,30,110,15,10
48060205,1.1716,882,378,800,125,855,25,290,25,15
48060206,0.1112,217,81,230,30,215,5,70,5,5
48060207,0.1482,387,158,380,20,385,15,120,10,10
48060208,0.995,832,352,840,80,830,40,255,30,20
48060209,0.3184,834,345,830,135,830,35,250,35,30
48060210,0.1181,663,343,665,310,660,65,170,50,45
48060211,0.2215,507,187,565,55,505,15,150,10,5
48060212,0.091,296,117,275,55,295,10,85,15,10
48060214,0.1714,529,194,540,90,530,5,155,15,10
48060215,0.4726,1089,403,1090,175,1090,20,355,20,15
48060216,0.449,1199,440,1170,375,1200,45,375,35,30
48060229,0.0791,464,181,415,180,465,50,115,40,35
48060230,0.2863,586,249,565,70,585,30,160,35,30
48060232,0.0726,318,117,305,90,320,5,95,15,15
48060233,0.1078,460,188,460,55,460,25,140,35,25
48060234,0.0725,300,119,280,60,300,35,80,20,15
48060235,0.0985,376,164,355,50,375,25,110,35,25
48060237,0.2282,639,238,685,285,635,30,180,40,35
48060238,0.0665,323,124,320,65,325,40,85,15,10
48060239,0.1508,968,471,900,305,970,105,230,65,40
48060240,0.1473,358,135,420,45,355,20,115,15,10
48060241,0.07,205,74,225,0,205,5,60,5,5
48060242,0.3088,500,201,555,115,500,30,165,15,5
48060243,0.2083,450,156,430,165,450,15,140,15,5
48060244,0.0781,275,101,290,85,265,5,80,10,10
48060245,0.2295,592,215,575,180,595,20,190,10,5
48060246,0.0756,258,86,235,100,260,0,85,5,10
48060252,0.126,475,153,480,295,475,20,135,20,15
48060254,0.364,715,242,635,275,715,30,225,15,10
48060256,0.1729,562,191,515,250,565,20,175,20,15
48060261,0.1071,355,128,415,165,355,15,115,5,5
48060264,0.152,654,250,600,270,655,40,170,40,25
48060265,0.1663,498,170,515,275,500,35,150,20,20
48060267,0.3059,481,189,470,115,480,30,145,10,10
48060268,0.2204,367,136,395,85,365,10,110,10,10
48060269,0.1532,448,160,450,175,450,15,130,15,5
48060270,0.1857,386,154,390,120,385,30,120,20,10
48060271,0.1096,361,121,365,75,360,20,110,5,10
48060272,0.3467,469,174,395,160,465,35,130,10,10
48060273,0.1487,558,225,540,180,560,40,160,25,20
48060274,0.1902,609,218,570,185,610,65,145,15,10
48060275,0.1541,429,148,455,60,430,15,125,15,15
48060276,0.1675,371,142,360,105,365,30,110,15,10
48060277,0.1457,414,153,415,140,405,30,105,25,25
48060278,0.1381,458,158,410,145,455,40,125,20,20
48060281,0.4446,814,460,885,470,815,80,190,45,40
48060282,0.5825,1441,604,1225,360,1280,65,380,40,35
48060283,0.1622,454,177,485,60,455,20,135,10,10
48060284,0.1202,415,174,355,105,410,25,120,20,15
48060286,0.1096,379,135,360,110,380,20,100,15,15
48060289,0.171,486,190,525,210,490,35,135,20,20
48060290,0.2957,551,218,575,210,550,40,165,25,15
48060291,0.1796,396,140,430,100,395,15,120,15,10
48060293,0.1164,339,130,305,30,340,5,105,10,10
48060294,0.1104,352,134,370,25,355,5,110,10,10
48060295,0.0777,365,150,385,55,365,20,105,25,20
48060298,0.1291,400,157,380,45,400,5,125,10,10
48060299,0.1411,406,145,410,25,405,15,130,20,15
48060300,0.1859,457,164,425,35,460,15,140,15,15
48060301,0.1145,365,140,400,40,365,10,120,10,5
48060302,0.1602,445,180,445,25,445,25,135,30,25
48060303,0.2703,489,191,485,60,490,15,165,15,15
48060304,0.5665,569,201,580,210,570,10,180,15,10
48060305,0.227,494,188,465,90,495,35,160,15,10
48060306,0.7907,577,234,525,60,575,15,175,15,5
48060307,0.1284,440,184,465,55,440,25,120,15,15
48060308,0.2558,542,203,530,165,545,25,150,15,15
48060309,0.3698,724,453,730,365,725,75,150,25,20
48060310,0.1316,473,276,490,155,470,40,130,25,25
48060311,0.3399,563,213,635,135,560,15,175,15,10
48060312,0.1778,443,171,380,110,440,35,120,10,5
48060314,0.175,741,307,585,280,645,85,165,25,20
48060315,0.3696,1669,947,1815,1170,1665,475,335,50,45
48060316,0.1711,566,228,475,155,565,45,150,20,15
48060317,0.2009,516,186,545,150,515,65,130,25,20
48060318,0.1768,497,191,535,140,495,35,140,20,15
48060319,0.1647,454,175,505,140,455,45,120,15,10
48060320,0.1806,436,177,385,45,435,20,130,15,10
48060321,0.3281,661,241,700,170,660,40,185,20,10
48060322,0.2186,698,269,760,130,695,50,200,30,25
48060323,0.1646,489,174,455,75,490,20,140,25,15
48060324,0.1808,410,164,435,110,410,25,120,15,15
48060325,0.6289,375,118,310,85,310,20,90,10,10
48060326,0.2819,475,165,450,105,475,20,135,15,15
48060327,0.1949,679,291,715,280,680,80,195,40,35
48060328,0.3498,574,210,595,120,575,15,165,15,15
48060329,0.112,358,131,380,135,360,15,100,10,5
48060331,0.3443,663,248,720,225,665,5,205,20,15
48060334,0.1425,483,160,445,295,480,30,150,10,10
48060339,0.1691,373,126,435,270,370,5,110,5,5
48060340,0.0722,273,98,280,175,275,20,90,10,5
48060341,0.1291,421,134,460,370,420,25,130,15,15
48060349,0.1458,472,162,465,235,475,10,145,15,10
48060355,0.6193,963,378,955,365,960,50,310,25,20
48060356,0.11,479,158,475,210,475,10,145,20,20
48060357,0.5056,1429,461,1420,475,1430,40,425,50,35
48060358,0.3956,844,393,850,190,840,25,245,25,15
48060370,0.3439,1091,359,1035,375,1090,30,315,35,25
48060373,0.2326,884,329,895,290,885,60,255,65,60
48060374,0.1106,422,153,410,150,420,20,115,20,15
48060375,0.0902,402,156,425,60,400,10,125,20,20
48060377,0.1123,309,125,335,65,310,10,95,10,5
48060378,0.1911,593,238,550,185,590,20,170,15,10
48060379,0.2565,708,233,650,380,710,30,205,25,15
48060380,0.1069,435,162,455,240,435,25,125,20,15
48060381,0.1652,520,186,575,340,520,20,160,30,15
48060382,0.1141,351,150,320,145,350,15,100,25,20
48060383,0.0737,350,133,405,135,350,15,105,20,10
48060384,0.1331,507,221,520,180,505,40,140,35,30
48060385,0.0941,630,206,615,320,630,65,170,40,30
48060386,0.0725,260,104,260,40,260,5,75,10,5
48060387,0.3215,588,245,595,90,585,20,180,25,15
48060388,0.1094,391,158,440,105,390,30,110,20,20
48060389,0.0989,381,129,310,130,380,60,100,40,35
48060390,0.1017,292,112,290,40,290,0,90,15,10
48060391,0.0882,339,125,375,115,340,5,105,10,5
48060392,0.1434,758,313,835,405,760,125,200,80,70
48060393,0.2779,660,277,635,155,660,45,200,45,25
48060394,0.0846,268,114,355,180,270,20,75,15,10
48060395,0.2364,902,360,770,255,795,50,220,45,40
48060396,0.0286,264,115,250,110,265,40,70,25,25
48060397,0.0573,274,181,215,65,275,20,45,0,5
48060398,0.2267,546,226,570,85,550,15,170,25,15
48060399,0.3702,692,290,710,170,685,55,200,35,30
48060400,0.0815,581,274,650,365,580,85,130,50,40
48060401,0.0977,394,160,455,320,395,40,105,25,20
48060402,0.3675,737,300,680,465,740,115,205,75,70
48060403,0.1124,521,176,545,210,520,55,145,55,50
48060404,0.1628,293,118,325,100,295,20,90,15,10
48060405,0.1853,600,227,535,195,600,45,170,30,25
48060406,0.113,396,155,360,80,395,10,110,20,15
48060407,0.1475,378,147,450,150,380,35,100,25,10
48060408,0.1664,457,186,490,30,460,10,145,15,10
48060409,0.1172,360,136,375,25,360,15,105,15,15
48060410,0.3148,590,251,600,80,590,45,170,25,15
48060411,0.2634,514,213,525,90,510,30,140,25,15
48060412,0.361,783,316,795,260,780,75,210,35,30
48060413,0.2056,537,224,525,60,530,45,150,25,20
48060414,0.2905,763,314,780,205,765,45,225,40,25
48060415,0.2077,612,243,530,45,610,15,190,15,15
48060416,0.2206,629,259,660,160,630,15,160,30,25
48060417,0.257,629,269,680,30,625,35,180,30,25
48060418,0.2596,477,198,460,40,475,25,140,20,10
48060419,0.1956,532,235,505,65,530,30,150,20,20
48060420,0.2336,569,251,585,70,570,35,155,20,15
48060421,0.6,379,180,410,80,380,20,105,15,15
48060422,0.1351,415,164,420,70,410,35,115,20,15
48060423,0.1798,512,213,430,85,515,45,140,20,15
48060424,0.3245,410,150,380,50,410,10,130,5,5
48060425,0.2837,426,162,405,85,425,20,125,15,15
48060426,0.1639,447,183,490,90,450,30,120,20,20
48060427,0.279,544,204,565,110,545,35,150,20,10
48060428,0.1459,541,227,515,205,540,55,130,15,10
48060429,0.1464,398,163,380,100,400,60,95,10,5
48060430,0.2813,814,334,805,350,815,175,155,35,20
48060431,0.2317,628,263,605,190,630,75,140,20,15
48060432,0.3619,489,194,570,140,490,40,135,15,15
48060433,0.2542,525,258,590,100,525,35,135,15,15
48060434,0.177,667,299,660,270,670,85,150,30,20
48060435,0.3084,684,302,590,125,685,55,165,35,25
48060437,0.1655,586,252,565,185,585,35,155,20,20
48060440,0.1442,641,305,595,175,610,70,140,15,15
48060441,0.1517,662,315,580,195,660,80,180,25,25
48060442,0.1381,708,347,575,115,615,75,135,20,20
48060443,0.4173,680,290,670,105,680,40,175,15,15
48060444,0.7459,862,423,815,130,735,70,175,15,10
48060445,0.1745,365,137,385,65,365,20,120,10,10
48060446,0.3889,706,305,780,300,705,110,155,20,15
48060450,0.1196,412,178,445,185,415,85,85,5,5
48060452,0.1585,363,134,440,70,365,5,120,10,5
48060453,1.1377,834,418,740,185,835,65,235,30,25
48060454,0.3403,705,285,515,335,705,145,160,15,10
48060455,0.6668,609,401,535,255,610,115,125,15,10
48060456,0.7784,684,294,675,175,685,50,185,55,45
48060457,0.1802,505,195,470,105,505,25,130,20,10
48060458,0.1983,545,235,540,190,545,20,155,30,25
48060492,0.2261,830,260,790,310,755,20,235,25,15
48060493,0.0597,216,89,205,25,220,15,70,10,5
48060494,0.1628,600,195,530,125,600,35,175,25,20
48060495,0.1447,551,212,570,220,550,25,155,25,20
48060496,0.1405,622,209,535,165,620,45,190,30,20
48060497,0.143,387,137,400,45,385,5,115,15,15
48060498,0.2011,402,133,450,145,400,5,130,10,10
48060499,0.3304,1579,763,1545,570,1485,110,360,50,40
48060500,0.8573,1729,699,1615,630,1585,80,500,30,25
48060501,0.6713,430,165,440,130,430,10,145,15,10
48060502,0.1552,493,177,460,105,495,25,150,10,10
48060505,0.1103,499,191,505,110,495,15,150,25,20
48060506,0.1089,588,188,600,295,585,30,160,35,30
48060508,0.4444,504,207,550,205,505,80,145,60,55
48060509,0.1164,380,155,380,10,380,15,115,15,10
48060510,0.0837,294,112,280,10,290,5,90,15,10
48060511,0.1752,481,206,530,80,480,15,140,20,15
48060512,0.0894,408,165,345,55,410,15,110,30,15
48060513,1.6092,1062,412,1085,165,1065,25,350,25,15
48060514,0.2463,688,313,645,90,685,40,210,40,25
48060516,0.061,282,100,275,80,280,35,80,25,20
48060518,0.4795,923,323,840,175,860,35,295,20,15
48060519,0.1154,352,157,370,75,355,20,105,25,20
48060520,0.0694,655,319,620,215,655,55,175,35,25
48060521,0.1505,442,173,415,35,440,15,145,25,15
48060522,0.0922,250,97,185,0,250,10,80,10,5
48060523,0.2086,826,378,760,105,825,40,235,55,45
48060524,0.1117,473,241,470,135,475,40,125,40,30
48060525,0.1501,410,163,470,40,405,0,115,15,10
48060526,0.5832,1230,528,1245,200,1230,75,360,60,45
48060527,0.1029,263,107,330,40,265,10,85,15,10
48060528,0.1356,402,159,370,75,405,25,125,10,10
48060529,0.233,404,153,405,55,400,15,120,15,15
48060530,0.1806,446,169,520,210,445,30,120,15,15
48060531,0.104,376,145,365,85,375,20,105,25,25
48060532,0.3512,751,313,755,195,750,80,190,65,50
48060533,0.0652,586,235,605,260,585,80,150,50,45
48060534,0.0556,338,141,305,80,335,20,90,25,20
48060535,0.1832,384,184,325,60,380,20,105,30,20
48060539,0.2853,631,252,610,90,630,20,195,25,20
48060540,0.1399,364,160,380,45,360,10,105,20,15
48060541,0.1372,377,148,330,40,375,15,115,5,5
48060542,0.1858,492,209,495,70,490,25,145,20,15
48060543,0.2645,681,259,775,145,680,20,205,20,15
48060544,0.1312,402,114,325,0,320,0,100,10,5
48060545,1.1408,441,162,395,45,415,20,135,5,10
48060546,0.2217,383,160,335,135,385,25,115,20,15
48060547,0.1563,373,129,395,55,370,10,110,5,5
48060548,0.1406,388,125,385,45,390,10,115,10,10
48060549,0.2933,939,325,625,105,615,30,165,30,25
48060550,0.121,435,251,420,130,435,75,90,20,15
48060551,0.3344,516,188,465,95,515,20,165,20,15
48060552,0.9345,450,188,450,65,445,10,130,10,10
48060553,0.2557,544,235,500,130,545,15,170,25,20
48060554,0.4188,541,319,540,255,535,65,120,20,20
48060555,0.0421,624,388,630,320,625,65,125,20,15
48060556,0.034,583,394,575,140,585,40,115,10,5
48060557,0.1536,760,316,715,145,760,55,210,45,40
48060558,0.0525,598,321,645,235,600,50,140,25,15
48060559,0.2091,669,304,655,275,635,40,165,25,25
48060560,0.2087,638,223,590,95,635,35,165,25,20
48060561,0.1567,682,348,745,275,680,85,165,30,25
48060562,2.7336,1383,708,1165,620,1190,165,245,55,45
48060563,0.3006,516,190,570,115,515,20,145,10,10
48060564,0.272,742,333,650,160,685,50,185,25,25
48060565,0.2226,428,161,435,65,425,20,140,10,10
48060566,0.5086,513,192,545,45,510,15,160,10,10
48060567,0.6863,623,223,660,90,620,40,185,10,10
48060568,0.2492,555,178,560,45,555,20,155,5,5
48060569,0.1519,703,357,735,165,700,40,170,40,25
48060570,0.1535,931,523,915,155,930,85,215,40,30
48060571,0.2286,759,343,725,105,760,45,205,15,10
48060572,0.1062,791,459,750,230,790,95,195,30,30
48060573,0.0885,650,407,680,150,650,85,150,15,15
48060574,0.0768,634,400,745,140,635,95,120,20,15
48060575,0.0655,584,342,605,275,585,55,130,15,10
48060576,0.0695,522,312,530,160,525,65,115,30,20
48060577,0.0498,550,360,510,140,550,85,115,20,20
48060578,0.0886,616,389,575,115,615,65,120,20,20
48060580,0.0388,920,559,895,325,920,125,210,25,30
48060581,0.0227,334,220,370,75,335,25,70,5,5
48060582,0.024,536,305,530,155,535,55,125,15,15
48060583,0.0335,642,328,705,415,610,50,135,20,15
48060584,0.0276,576,330,580,260,575,65,120,15,15
48060585,0.0367,498,312,560,170,495,45,110,5,5
48060586,0.0472,463,296,485,245,460,65,90,10,15
48060587,0.0459,595,326,490,270,585,65,130,25,20
48060590,0.1661,435,204,510,130,435,50,110,15,10
48060593,0.0531,631,357,560,120,555,55,120,15,10
48060595,0.0644,1223,816,1225,340,1225,110,275,20,15
48060596,0.0179,376,249,395,135,375,45,70,5,5
48060597,0.0419,622,390,610,220,620,60,135,15,15
48060598,0.0319,1216,835,1170,415,1215,125,225,20,20
48060599,0.0175,401,278,380,70,400,45,80,5,5
48060600,0.0409,528,349,635,275,530,70,100,10,5
48060601,0.0441,401,264,415,145,400,35,85,15,15
48060602,0.0445,521,330,475,210,520,80,75,15,10
48060603,0.0237,717,462,620,245,695,60,145,20,10
48060604,0.0856,1636,1067,1495,495,1635,175,360,25,15
48060605,0.0183,239,183,260,85,240,40,45,5,5
48060606,0.2758,2485,1670,2465,1060,2425,320,465,40,30
48060607,0.1411,1863,1220,1915,795,1810,125,350,15,15
48060610,0.0737,533,341,455,65,460,30,70,5,0
48060611,0.0545,699,440,645,115,650,35,150,15,10
48060612,0.0349,882,571,920,280,885,75,200,15,15
48060613,0.0409,610,410,550,85,610,40,150,10,10
48060614,0.1956,417,153,405,35,420,25,130,5,0
48060615,0.1677,529,289,560,55,530,40,145,10,10
48060616,0.3843,538,189,495,55,535,20,170,25,10
48060617,0.1832,414,136,370,25,410,5,115,5,0
48060618,0.2609,458,156,455,95,460,30,135,5,5
48060619,0.2676,540,213,580,75,535,25,160,15,10
48060620,0.2134,530,193,460,15,530,25,160,15,10
48060621,0.245,613,198,585,0,610,25,180,10,5
48060623,0.0592,581,402,585,90,580,45,105,10,10
48060624,0.0526,472,331,455,50,470,65,85,10,10
48060627,0.3642,644,362,645,105,640,60,165,15,10
48060628,1.6507,1337,704,1365,340,1340,85,400,65,50
48060629,0.4413,823,367,850,110,825,40,250,30,25
48060630,6.2636,510,244,445,50,505,40,145,10,10
48060631,0.4993,507,245,480,90,505,30,150,20,10
48060632,0.1414,637,278,660,165,640,70,180,40,40
48060633,0.1913,564,275,585,50,565,40,140,15,5
48060636,0.0187,458,290,270,60,330,65,20,0,0
48060637,0.2785,1950,1245,1875,780,1950,175,465,40,25
48060638,0.1788,973,274,415,260,375,75,50,5,5
48060639,0.0666,592,414,610,380,590,75,115,15,15
48060640,0.2187,1229,798,1135,770,1180,200,230,35,20
48060643,0.5816,2274,1432,2350,965,2270,220,615,40,35
48060644,0.0528,376,225,300,215,380,80,80,20,15
48060645,0.4863,1027,634,920,510,1025,170,215,25,20
48060646,0.3071,254,174,235,95,250,30,50,0,0
48060647,0.2158,1480,1044,1360,380,1480,160,290,20,15
48060648,0.0359,351,237,345,115,350,55,65,10,10
48060649,0.0553,641,388,660,265,640,85,150,35,25
48060650,0.0363,729,499,705,135,725,60,165,10,10
48060651,0.053,681,464,680,165,680,50,150,5,5
48060652,0.1657,3108,1995,3025,1320,3110,340,705,50,40
48060654,0.0182,688,347,650,535,685,95,150,40,30
48060655,0.0201,664,373,740,485,665,105,155,30,25
48060656,0.0746,486,326,515,215,485,105,80,10,10
48060660,0.0173,978,522,1140,790,980,150,205,20,15
48060661,0.0538,1459,796,1290,590,1280,130,320,45,40
48060662,0.2983,902,551,835,300,900,105,190,25,15
48060663,0.0684,495,319,415,155,495,60,90,10,5
48060664,0.0537,503,272,520,150,505,60,105,15,15
48060665,0.0698,539,325,515,90,540,40,115,10,15
48060666,0.0926,516,320,430,90,520,95,100,20,15
48060667,0.2016,518,212,550,65,515,30,135,10,5
48060668,0.0473,490,294,460,120,490,70,100,20,20
48060669,0.0575,411,253,380,95,410,55,90,10,5
48060670,0.1008,639,368,620,165,640,65,150,20,15
48060671,0.1713,485,271,490,135,485,50,120,20,15
48060672,0.1812,601,262,595,95,600,30,180,20,10
48060673,0.2424,621,277,575,145,620,30,185,25,20
48060677,0.0919,670,340,670,180,670,50,185,35,25
48060678,0.1625,813,392,800,255,810,60,210,35,25
48060679,0.1558,630,276,615,100,630,55,170,15,10
48060680,0.1217,608,279,655,230,610,65,155,30,20
48060681,0.1447,428,163,435,40,425,25,115,15,10
48060682,0.2252,390,157,380,15,390,20,120,10,5
48060683,0.1527,457,210,435,160,455,45,115,20,15
48060684,0.1655,445,169,395,85,445,10,130,10,5
48060685,0.1122,473,205,390,85,470,35,140,20,15
48060686,0.0955,513,203,520,245,500,60,125,30,30
48060687,0.1136,555,233,580,255,550,40,150,35,35
48060688,0.1969,575,237,515,85,575,35,150,20,15
48060689,0.188,575,233,595,130,575,35,160,35,25
48060693,0.166,452,185,400,80,450,20,135,15,15
48060694,0.1369,601,207,470,120,555,60,150,30,25
48060695,0.2037,573,262,595,165,570,40,155,25,20
48060696,0.1848,722,374,590,160,695,135,140,45,40
48060697,0.1001,430,216,505,110,430,20,110,25,20
48060698,0.2181,694,361,720,180,695,50,185,25,15
48060699,0.0912,542,213,675,275,540,40,140,40,35
48060700,0.1794,918,341,855,360,915,90,240,85,75
48060701,0.0834,502,205,525,245,505,10,145,30,25
48060702,0.1424,664,314,715,205,665,55,180,40,30
48060703,0.1392,357,153,415,100,355,10,115,20,10
48060704,0.2486,513,234,545,40,510,20,145,25,25
48060705,0.2194,588,227,575,95,590,20,165,30,15
48060707,0.0932,441,152,235,45,250,15,65,10,5
48060708,0.2413,617,235,635,70,615,15,185,20,15
48060710,0.2123,559,212,560,55,560,20,165,25,15
48060711,1.2118,1650,647,1575,610,1650,90,480,60,50
48060712,0.2154,635,217,655,320,635,20,205,15,10
48060716,0.3958,909,314,935,385,910,15,280,20,15
48060717,0.2703,699,252,665,155,700,20,220,10,5
48060719,0.2939,1256,483,1300,455,1255,60,350,35,25
48060727,0.2464,705,278,640,80,705,25,225,30,20
48060728,0.2032,508,195,520,15,510,15,155,35,25
48060730,0.1281,405,165,420,15,405,20,115,15,10
48060731,0.103,304,124,340,15,305,5,95,15,5
48060732,0.15,414,224,460,65,415,25,115,35,30
48060733,0.4772,1278,548,1325,300,1275,75,370,85,65
48060734,0.2311,663,300,685,50,665,55,190,35,30
48060735,0.1009,267,113,265,25,265,5,80,10,10
48060736,0.2784,590,191,575,25,590,15,175,5,5
48060737,1.7374,524,179,535,30,525,20,165,10,5
48060738,0.3021,510,185,520,30,510,10,150,10,5
48060739,1.1496,489,190,460,30,490,20,140,15,15
48060740,0.1808,482,174,420,50,480,15,135,20,15
48060741,0.1392,410,180,410,65,410,20,110,10,5
48060742,0.2525,536,217,520,90,535,35,150,30,20
48060743,0.2903,1051,383,1010,225,1055,40,295,40,35
48060744,0.3648,979,360,985,115,975,20,285,30,25
48060745,0.2087,942,341,905,135,945,30,260,30,20
48060746,0.3331,1126,410,1180,130,1125,30,325,40,30
48060747,0.2212,901,318,915,90,895,35,265,30,20
48060748,0.1405,600,221,620,100,595,25,170,15,15
48060749,0.1362,798,381,745,80,800,45,230,15,10
48060750,0.1917,956,493,935,225,955,50,245,35,25
48060751,0.198,984,506,1030,245,985,75,275,25,25
48060752,0.1848,663,289,650,105,665,40,185,25,15
48060753,0.1768,726,300,760,125,730,40,210,20,15
48060754,0.1057,530,273,600,100,530,35,140,15,10
48060755,0.1128,679,419,625,175,650,85,130,15,10
48060758,0.3272,693,293,650,75,690,25,210,35,25
48060759,0.1761,633,307,705,115,635,30,175,25,20
48060760,0.1753,607,262,520,80,605,35,170,30,20
48060761,0.1533,624,268,630,160,620,30,180,35,30
48060763,1.1794,1291,801,1200,345,1280,175,265,65,55
48060764,0.701,1999,699,1760,400,1700,75,460,70,55
48060769,0.1612,503,259,465,25,500,15,155,15,15
48060770,0.2177,480,205,480,115,480,15,135,10,15
48060771,0.2028,507,194,520,90,510,15,165,20,10
48060774,0.2638,777,363,800,245,770,80,215,60,55
48060775,0.1566,396,165,355,30,400,15,115,25,20
48060776,0.2032,423,161,405,40,425,10,130,20,20
48060777,0.1411,359,144,380,25,360,5,110,10,10
48060778,0.1613,411,183,440,25,410,10,125,20,15
48060779,0.104,277,117,215,25,275,20,90,10,5
48060780,0.2318,621,306,630,90,620,30,180,35,35
48060781,0.2631,521,234,550,120,520,35,160,35,25
48060783,0.0952,386,164,395,45,380,25,125,35,35
48060784,0.0691,352,141,360,40,355,15,100,30,25
48060785,0.1296,362,138,325,40,360,15,105,20,20
48060786,0.0988,286,111,285,25,285,15,85,10,5
48060787,0.282,662,250,625,110,660,25,195,25,20
48060789,0.0327,255,93,250,100,255,10,65,15,10
48060790,0.3181,560,207,585,120,560,25,170,20,20
48060791,0.0968,351,138,320,50,350,15,110,15,10
48060792,0.0979,456,181,460,170,455,15,140,25,20
48060793,0.2672,544,196,495,105,545,5,175,10,5
48060794,0.0947,254,101,250,20,255,0,85,5,0
48060795,0.1205,412,153,420,75,415,5,135,10,10
48060796,0.0963,369,132,365,65,370,10,120,10,10
48060797,0.2784,752,294,775,135,750,50,215,60,55
48060798,0.1301,595,231,565,105,595,20,175,20,15
48060799,0.0947,416,158,405,90,415,30,120,20,15
48060800,0.1798,657,248,655,105,655,35,210,25,20
48060801,0.0693,237,81,225,30,240,0,70,5,0
48060802,0.1575,452,178,440,90,455,20,140,25,15
48060803,0.2207,338,149,335,45,340,5,105,15,10
48060804,0.1107,501,186,505,130,505,30,150,15,10
48060805,0.1887,436,153,495,120,435,20,145,5,5
48060806,0.1493,486,186,485,170,485,10,160,20,15
48060807,1.3294,674,258,750,165,675,30,225,20,10
48060808,0.074,259,99,215,0,255,5,90,5,0
48060810,0.4187,737,286,770,125,735,30,235,35,20
48060811,0.142,384,137,310,20,385,10,115,10,10
48060812,0.1454,306,115,285,25,305,0,105,10,10
48060813,0.1142,324,117,340,75,320,10,105,10,10
48060814,0.1947,365,146,355,60,365,15,115,10,5
48060815,0.1873,451,164,460,20,450,15,145,10,10
48060816,0.1531,440,210,440,40,440,30,125,25,20
48060817,2.74,311,119,330,45,315,10,105,5,5
48060818,0.1309,350,127,380,40,350,15,115,5,5
48060820,0.1972,375,128,390,65,375,0,120,5,5
48060821,0.085,364,139,390,110,360,0,120,15,15
48060830,0.1162,340,156,370,30,340,20,100,10,10
48060831,0.1123,415,169,400,100,415,25,120,30,25
48060832,0.1974,386,160,345,50,385,25,110,15,15
48060833,0.1634,397,151,470,65,395,20,125,10,10
48060834,0.4162,529,224,550,155,530,20,145,5,0
48060836,0.1106,493,132,225,15,245,15,80,10,5
48060837,0.3668,533,243,600,360,530,65,130,35,30
48060838,0.1503,512,251,500,100,515,45,130,30,20
48060842,0.2895,552,222,635,175,555,30,145,10,10
48060843,0.073,462,216,455,275,465,40,100,10,10
48060844,0.5529,566,351,610,305,565,85,125,20,20
48060845,0.4035,745,297,710,195,745,35,220,25,20
48060846,0.1693,773,358,770,145,775,35,210,25,20
48060847,0.1904,693,303,760,155,695,35,200,15,10
48060848,0.1465,672,312,640,145,665,55,190,25,15
48060849,0.1725,703,277,685,135,705,35,190,20,15
48060850,0.1462,722,327,700,105,725,35,195,25,25
48060851,0.2732,713,379,740,230,715,65,175,15,15
48060852,0.92,1068,725,1005,165,1070,75,250,20,15
48060853,0.2449,1174,484,900,370,955,130,265,40,40
48060855,0.1793,530,330,500,140,530,50,135,25,20
48060856,0.1622,588,353,630,105,590,55,130,15,15
48060857,0.0462,494,326,485,180,495,60,95,15,10
48060858,0.0744,602,381,605,145,600,55,125,20,15
48060859,0.071,557,375,570,145,555,60,100,15,10
48060860,0.1088,794,495,790,290,795,100,175,30,20
48060861,0.0853,961,646,905,180,960,90,195,25,15
48060862,0.1029,464,192,415,80,460,30,140,15,10
48060863,0.1231,542,241,620,145,545,25,155,25,20
48060864,0.194,591,266,595,180,590,55,175,30,20
48060865,0.1648,974,567,980,520,975,90,235,50,40
48060866,0.1313,560,207,425,195,420,25,130,15,10
48060867,0.1538,527,253,555,140,530,25,150,20,15
48060868,0.4266,619,283,640,230,620,35,175,25,15
48060869,0.1387,447,233,360,105,445,60,100,15,10
48060870,0.2388,698,357,540,190,680,55,170,25,15
48060871,0.1603,712,375,715,290,710,80,180,30,20
48060872,0.1324,585,267,645,220,585,40,160,20,15
48060873,0.1801,763,371,635,215,765,75,190,25,20
48060874,0.1693,719,342,765,155,715,65,200,35,25
48060875,0.3423,1002,391,985,195,1000,40,290,35,25
48060876,0.1883,752,324,785,255,750,45,210,20,10
48060877,0.1747,606,262,650,170,605,40,175,25,15
48060878,0.1559,624,253,705,165,620,20,170,20,10
48060879,0.4005,471,230,455,150,475,35,110,15,15
48060880,0.2753,413,207,360,90,415,40,100,25,20
48060881,4.7929,640,178,610,310,640,75,145,45,35
48060882,0.2289,506,259,510,150,500,70,115,25,20
48060884,0.6869,152,67,190,50,155,5,40,5,0
48060885,0.1967,744,285,510,90,490,30,115,15,10
48060886,0.3771,658,281,660,180,655,45,180,25,15
48060887,0.1774,544,220,590,90,545,30,155,25,15
48060888,0.077,557,285,545,90,560,20,155,25,25
48060889,0.1307,460,217,480,90,460,50,125,25,15
48060890,0.4402,645,291,595,175,635,65,165,35,30
48060891,0.5271,529,242,515,160,530,35,145,20,15
48060892,0.3572,515,225,510,65,515,25,135,20,15
48060893,0.1643,684,267,535,185,500,20,140,5,5
48060894,0.1748,1100,611,1195,335,1100,65,290,25,20
48060895,0.1253,452,206,510,85,455,20,120,15,10
48060896,0.1183,553,265,565,190,555,30,145,15,15
48060897,0.2164,734,387,685,100,735,50,190,25,20
48060898,0.1643,649,362,650,175,635,55,140,25,20
48060899,0.1177,549,299,485,215,550,140,140,75,75
48060900,0.7896,1564,808,1115,360,1150,70,245,30,20
48060901,1.3595,1767,1002,1805,335,1765,105,480,55,50
48060902,0.1843,591,306,545,55,565,40,150,15,10
48060903,0.5926,604,311,470,25,565,40,145,20,20
48060904,3.0768,1044,481,950,160,930,90,230,35,30
48060905,0.1306,374,180,365,0,370,20,115,10,5
48060906,0.316,525,236,510,100,470,75,100,20,15
48060907,0.1264,224,100,215,45,215,10,60,10,10
48060908,0.1312,333,165,320,60,330,35,85,15,10
48060909,0.1852,723,485,670,190,725,85,135,45,30
48060910,0.1767,475,229,415,130,470,50,120,25,20
48060911,0.1262,434,175,365,120,435,50,110,45,30
48060912,0.1398,374,174,400,125,375,40,90,30,25
48060913,0.0868,442,178,380,175,440,55,105,35,30
48060914,0.1614,554,235,455,225,500,85,115,45,35
48060915,0.0886,339,143,320,165,325,45,75,25,20
48060916,0.1079,493,189,435,195,485,60,115,40,30
48060917,0.1206,559,290,560,255,560,95,115,35,25
48060918,0.103,123,50,115,45,125,10,30,10,10
48060919,0.2671,485,200,540,235,485,45,130,35,30
48060920,0.0799,465,191,435,160,465,60,105,35,25
48060921,0.1024,412,200,350,125,410,45,100,30,30
48060922,0.1087,869,417,900,340,865,85,210,35,35
48060923,0.1967,520,258,515,175,510,70,105,25,20
48060924,1.8941,693,294,800,435,690,100,155,50,40
48060925,0.1609,444,183,400,55,445,10,120,25,20
48060926,0.2048,422,168,425,50,425,30,115,20,15
48060927,0.0748,327,150,345,55,325,20,85,10,5
48060928,0.3502,900,418,845,385,900,55,230,50,40
48060929,0.1247,574,245,545,105,575,50,170,40,30
48060930,0.1131,439,207,440,170,440,40,115,25,15
48060931,0.1551,459,194,475,65,460,20,135,25,20
48060932,0.1024,376,173,335,70,375,35,95,20,15
48060933,0.1285,445,203,470,125,445,30,110,30,20
48060934,0.6245,858,411,845,380,855,100,205,60,55
48060935,0.1639,405,131,445,300,405,35,110,40,35
48060936,0.0687,656,232,640,420,655,80,165,55,45
48060937,0.1808,393,164,370,65,395,25,115,20,15
48060938,32.0371,277,111,260,100,275,15,75,15,15
48060943,0.0692,431,134,435,305,430,45,110,25,20
48060944,0.1052,527,168,455,420,510,35,130,20,20
48060945,0.0565,293,89,295,210,295,20,75,10,5
48060946,0.0886,455,133,470,390,455,25,125,20,15
48060947,0.3769,1068,308,1120,820,1060,55,275,50,40
48060948,0.0943,482,136,515,490,485,15,130,20,15
48060949,0.048,436,144,355,260,435,55,105,20,15
48060950,0.0918,590,196,575,390,590,30,155,25,25
48060952,0.0751,432,142,460,295,430,25,110,30,25
48060953,0.1655,928,308,945,600,925,40,250,60,50
48060954,0.1394,746,237,810,560,750,60,190,35,30
48060956,0.1843,701,213,700,485,700,55,180,25,20
48060957,0.1633,651,201,555,445,655,35,170,30,25
48060958,0.163,599,191,640,435,600,45,155,30,20
48060959,0.1084,461,137,420,285,455,40,120,20,15
48060960,0.1589,591,198,535,320,595,30,160,35,25
48060961,0.1499,770,224,770,475,770,55,205,35,30
48060962,0.1881,661,230,625,395,665,55,175,55,45
48060963,0.089,476,162,460,265,475,25,125,25,20
48060965,0.0768,335,105,345,200,335,15,95,15,5
48060966,0.1948,450,174,490,275,450,20,125,20,15
48060967,0.1386,519,157,660,500,520,40,135,20,15
48060968,0.1257,554,174,425,265,555,50,150,30,20
48060969,0.1053,467,141,460,355,465,20,130,25,15
48060970,0.1136,549,175,545,365,545,30,145,30,25
48060971,0.257,446,139,500,370,445,30,130,25,20
48060972,0.0438,241,66,195,165,240,15,70,15,5
48060973,0.1098,504,157,605,500,505,50,130,25,25
48060974,0.088,398,115,360,250,400,25,100,20,15
48060975,0.3338,653,198,630,485,655,45,165,35,30
48060976,0.0526,307,91,360,285,295,20,60,5,5
48060977,0.0827,413,140,395,245,410,20,115,20,15
48060978,0.241,779,253,910,625,770,65,200,45,35
48060979,0.169,611,227,645,420,615,55,150,35,25
48060980,0.0618,330,99,310,200,330,25,85,15,5
48060981,3.0598,311,131,335,135,310,40,85,20,15
48060982,0.2707,902,338,940,820,900,85,235,70,55
48060983,0.1008,629,223,610,445,625,40,155,40,30
48060984,0.2158,900,313,825,460,900,50,225,35,30
48060985,0.1288,758,262,730,330,755,65,175,55,45
48060986,0.0689,424,140,535,255,425,30,115,55,35
48060987,0.0573,460,129,230,110,325,45,70,30,30
48060988,0.2059,541,193,580,355,540,25,145,35,30
48060989,0.1716,444,159,485,160,445,30,125,30,20
48060990,0.1523,495,182,565,340,495,35,145,35,25
48060991,0.096,268,87,255,100,270,20,75,10,15
48060992,0.1174,593,238,605,390,595,35,155,40,30
48060993,0.0336,310,114,325,120,310,20,85,25,25
48060994,0.1831,661,226,675,415,660,60,175,40,30
48060995,0.0946,404,131,360,160,405,20,110,25,15
48060996,0.0941,452,162,480,270,450,50,110,30,20
48060997,0.1908,547,178,540,255,505,55,135,50,35
48060998,0.1514,631,230,700,290,630,55,165,50,35
48060999,0.1283,564,207,475,220,560,70,145,35,25
48061000,0.4725,1348,715,1405,375,1345,135,350,85,70
48061001,0.0867,309,166,340,30,310,10,85,15,15
48061005,0.1545,490,145,465,250,490,40,120,35,25
48061006,0.2617,916,318,865,455,915,85,245,55,40
48061007,0.0636,319,104,325,200,315,25,90,20,15
48061008,0.0557,226,82,195,90,225,30,55,10,10
48061009,0.1432,511,173,490,260,510,10,140,30,30
48061010,0.0831,355,114,365,240,355,10,95,15,15
48061011,0.1271,490,172,500,255,490,35,130,35,25
48061012,0.2047,382,147,390,180,380,20,105,35,25
48061013,0.2552,872,300,875,495,870,45,235,55,50
48061014,0.0909,443,139,555,340,440,20,120,25,15
48061015,0.1416,470,154,425,270,470,35,120,20,20
48061016,0.1188,463,161,435,245,460,25,125,25,20
48061017,0.0622,255,84,195,30,255,15,65,15,10
48061018,0.1481,527,184,505,285,525,25,145,30,20
48061019,0.1225,453,164,540,240,455,30,125,20,20
48061020,0.1831,581,199,605,230,580,50,150,40,25
48061021,0.1167,452,152,450,255,450,30,125,20,15
48061022,0.1297,594,209,640,325,595,35,155,40,25
48061023,0.1816,622,221,545,250,620,40,160,25,20
48061024,0.1393,438,154,375,230,440,30,120,15,15
48061025,0.1971,521,178,435,265,520,35,135,20,20
48061026,0.1446,514,178,535,310,515,30,130,25,15
48061027,0.1477,410,134,400,210,410,25,105,15,10
48061028,0.0938,436,152,435,355,435,40,115,30,20
48061029,0.1112,349,148,320,155,350,25,90,15,20
48061030,0.0848,319,109,320,260,315,40,80,25,25
48061031,0.1589,591,204,550,320,590,55,150,50,40
48061032,0.1281,534,185,605,380,530,30,145,25,25
48061033,0.1893,644,211,660,380,640,50,165,35,35
48061034,0.1029,469,153,420,200,470,35,120,30,20
48061035,0.3258,533,221,480,290,535,35,130,40,35
48061036,0.3259,606,241,620,290,605,35,175,30,25
48061038,0.145,630,199,630,440,630,25,170,30,20
48061039,0.0969,832,370,825,570,830,95,215,60,45
48061040,0.2673,638,197,660,395,635,45,170,35,30
48061041,0.1657,794,260,725,505,795,95,215,85,80
48061042,0.0815,447,152,515,295,445,30,120,25,20
48061043,0.0654,520,190,390,205,520,70,135,50,40
48061044,0.1199,350,117,315,195,350,15,90,15,15
48061045,0.0773,266,94,280,130,265,15,75,10,10
48061046,0.1088,364,129,305,100,365,20,110,15,15
48061047,0.0956,373,119,405,175,370,20,100,20,15
48061048,0.0765,269,89,250,115,265,10,75,5,5
48061049,0.0985,376,98,400,340,375,25,110,10,5
48061050,0.1854,1014,450,1010,635,1015,55,250,60,50
48061051,0.1476,439,141,425,195,440,25,115,25,15
48061052,0.0884,357,145,380,135,355,30,95,15,10
48061053,0.1241,540,198,550,285,540,40,135,40,35
48061054,0.0707,277,111,235,90,275,15,80,15,15
48061055,0.1643,618,206,655,425,620,30,165,35,25
48061056,0.0989,432,139,410,170,430,25,120,30,20
48061057,0.0809,381,108,400,225,375,30,110,20,20
48061058,0.0396,255,81,280,155,255,25,60,10,5
48061059,0.0726,362,116,385,245,360,30,100,20,15
48061060,0.3435,883,326,890,615,880,50,225,55,50
48061061,0.0977,735,259,715,480,735,40,195,55,40
48061062,0.1085,561,183,525,325,560,30,150,35,25
48061063,0.1241,505,163,480,315,505,40,135,20,15
48061064,0.0973,485,162,495,350,485,15,140,30,25
48061065,0.0928,472,150,460,240,470,45,135,50,40
48061067,0.2986,815,290,775,450,815,75,210,60,60
48061068,0.0858,479,157,470,335,480,35,125,30,30
48061069,0.1491,926,273,940,670,925,65,235,65,55
48061070,0.0655,418,127,445,255,415,50,120,30,25
48061071,0.0702,358,107,260,130,360,30,85,20,15
48061072,0.0855,476,163,555,360,475,40,140,40,25
48061073,0.077,442,149,445,325,435,40,115,25,20
48061076,0.2127,818,262,795,435,815,60,215,50,40
48061077,0.169,1193,410,1185,900,1195,145,305,80,65
48061078,0.0493,360,103,410,275,360,25,90,20,20
48061079,0.0354,293,83,390,270,295,10,80,15,15
48061080,0.1812,877,261,785,605,880,40,225,55,45
48061081,0.2021,857,269,855,525,855,80,230,50,40
48061082,0.0383,268,82,235,155,265,30,70,25,20
48061083,0.184,765,270,880,700,765,50,195,35,25
48061084,0.1062,484,151,345,190,480,30,130,25,20
48061085,0.1115,491,136,595,490,490,25,135,15,10
48061086,0.1467,500,152,590,325,500,35,130,30,30
48061091,0.1484,543,165,535,365,540,35,135,20,15
48061092,0.0376,272,89,290,215,270,25,65,20,10
48061093,0.0656,436,135,465,335,435,45,115,25,25
48061094,0.0828,580,161,545,335,580,70,150,20,15
48061095,0.1393,788,242,785,605,790,30,210,40,25
48061096,0.1248,734,209,785,565,730,50,190,40,35
48061097,0.1728,624,178,700,550,625,40,155,25,25
48061098,0.0516,335,98,375,310,335,20,95,20,15
48061099,0.1059,630,183,555,395,630,40,155,35,25
48061100,0.0493,352,96,360,230,355,35,95,10,10
48061106,0.0831,557,167,565,440,560,40,145,20,15
48061108,0.1014,605,168,705,595,605,30,160,25,15
48061115,0.115,421,133,430,220,420,15,120,25,25
48061116,0.0559,331,116,315,185,325,30,90,25,20
48061117,0.1048,525,157,615,495,525,40,135,20,10
48061118,0.0408,219,70,240,125,215,10,60,10,10
48061119,0.1438,565,185,460,320,565,35,155,25,20
48061120,0.3642,723,234,750,395,720,30,190,25,25
48061121,0.1314,580,179,465,235,575,30,160,25,20
48061122,0.0881,380,119,450,300,375,25,110,20,10
48061123,0.1251,428,125,465,320,430,20,110,20,15
48061124,0.1507,711,245,700,330,715,45,185,45,35
48061125,0.1456,634,193,655,495,635,20,185,25,15
48061128,1.6357,1152,392,1215,1020,1155,45,320,60,50
48061131,0.2921,913,244,955,755,915,35,265,30,25
48061132,0.9615,1147,464,1255,335,1145,95,315,75,60
48061133,0.1494,540,194,535,240,540,35,155,35,25
48061134,0.0573,269,96,265,155,270,30,80,10,10
48061135,0.0901,450,157,510,200,430,20,120,30,25
48061136,0.1452,562,177,490,260,555,30,150,25,15
48061137,0.1007,435,145,420,230,435,35,120,30,25
48061138,0.1718,564,187,440,195,565,25,170,35,25
48061139,0.0758,489,166,475,225,490,60,130,45,40
48061140,0.1061,581,195,590,215,580,50,160,30,30
48061141,0.2192,984,336,910,475,985,65,275,60,50
48061142,0.1004,638,208,715,435,640,70,170,50,40
48061143,0.0962,409,141,375,190,405,30,100,25,15
48061145,11.0742,963,342,1005,615,940,100,245,90,75
48061146,0.1167,741,234,745,390,735,45,190,60,45
48061150,0.0578,334,116,330,95,335,10,90,20,20
48061153,0.1192,519,206,555,205,520,35,140,40,30
48061154,0.09,375,160,375,85,375,35,100,30,20
48061155,0.094,374,152,420,95,375,10,120,30,20
48061156,0.206,353,129,430,225,350,35,85,20,20
48061157,0.0914,452,186,490,135,450,45,115,35,25
48061159,0.1055,411,176,360,95,410,50,100,25,20
48061160,0.1424,414,173,365,120,415,60,110,30,25
48061161,0.138,428,188,445,170,430,90,100,35,25
48061162,0.1025,415,154,430,160,415,65,100,30,15
48061163,0.1365,446,185,430,135,450,70,115,40,30
48061164,0.1745,474,217,480,225,470,85,100,35,20
48061165,0.4643,471,193,500,195,470,90,105,35,30
48061166,0.1072,1028,323,1105,600,1025,175,235,95,70
48061167,0.1342,514,207,475,180,510,70,110,30,30
48061168,0.0794,333,149,280,45,335,75,60,25,15
48061169,0.0827,291,97,305,200,290,25,75,10,5
48061170,0.3115,587,204,585,235,580,40,150,40,25
48061171,0.1071,376,162,340,150,380,35,100,20,10
48061172,0.1874,1382,456,1375,1085,1380,195,330,125,110
48061173,0.0528,294,88,355,265,295,35,75,30,30
48061174,0.127,436,190,445,130,435,55,105,25,15
48061175,0.095,477,211,500,280,475,35,120,35,25
48061176,0.1544,693,230,665,385,695,80,175,60,45
48061177,0.2515,829,299,800,305,830,55,220,50,40
48061178,0.0587,421,179,415,180,420,65,110,35,25
48061179,0.1035,301,107,315,190,300,25,75,20,15
48061180,0.1932,682,253,710,265,675,60,175,50,40
48061181,0.112,522,171,460,210,520,55,120,35,30
48061182,0.5284,1395,636,1435,585,1385,80,355,75,55
48061183,0.1397,473,187,480,130,475,40,135,40,30
48061184,0.0865,321,133,310,25,320,15,95,15,10
48061185,0.0895,330,147,310,85,330,15,95,15,10
48061186,0.8524,837,446,820,100,840,40,215,45,40
48061187,0.0893,326,141,300,60,325,30,95,20,15
48061188,0.291,777,363,875,240,775,50,215,45,35
48061189,0.2055,510,234,555,155,510,65,130,40,30
48061190,6.0665,655,231,530,110,590,80,150,55,45
48061191,1.9855,1490,564,1455,755,1490,95,395,70,55
48061192,0.1185,707,222,670,325,705,45,200,35,25
48061193,0.1148,592,202,570,320,595,35,170,30,20
48061201,0.194,628,227,605,135,625,25,185,20,20
48061202,0.0456,151,60,160,40,150,0,50,5,5
48061203,0.4578,964,363,895,250,965,30,285,45,40
48061204,0.1213,388,172,445,70,390,30,95,20,15
48061205,0.1006,396,183,335,70,380,40,100,30,25
48061206,0.0684,319,132,355,90,320,25,85,20,15
48061207,0.0687,363,143,325,95,365,20,105,25,15
48061208,0.2936,533,221,575,100,530,40,155,35,30
48061209,0.1211,451,198,405,15,445,45,110,30,15
48061210,0.2098,570,246,545,40,570,35,165,35,30
48061211,0.2829,652,300,680,120,655,70,175,50,45
48061212,0.1384,519,230,515,140,515,60,130,40,25
48061213,0.3338,470,222,385,25,415,25,100,15,15
48061214,0.1215,363,153,415,60,360,20,115,10,10
48061215,0.2149,569,265,540,45,565,30,160,25,15
48061216,0.1634,496,274,490,145,500,75,110,30,20
48061217,0.0956,338,151,345,55,340,35,100,20,15
48061218,0.3505,520,235,530,65,520,15,160,35,20
48061220,0.1364,567,229,605,115,565,10,175,30,15
48061221,0.0748,361,144,355,40,360,15,110,15,15
48061222,0.2575,764,299,825,160,760,20,245,30,30
48061225,0.0808,315,123,315,80,315,10,90,20,15
48061226,0.4768,656,273,720,145,655,20,205,20,10
48061228,0.0586,213,75,175,30,215,0,75,5,0
48061230,0.3074,955,314,975,395,955,15,280,30,25
48061231,0.8637,1061,419,1025,215,1065,20,350,25,20
48061232,0.1108,388,138,335,65,390,10,115,5,0
48061233,1.8927,535,193,520,170,535,15,170,20,15
48061234,0.3547,735,305,755,140,735,20,260,25,10
48061235,0.2154,604,224,610,195,605,15,205,15,15
48061236,0.3785,963,362,1060,235,965,15,310,30,20
48061240,1.1339,458,210,415,35,455,30,135,15,10
48061241,0.9208,584,219,590,65,585,15,190,15,15
48061242,0.0624,213,79,235,0,215,0,75,5,5
48061243,0.1252,429,156,400,10,425,5,140,10,10
48061244,0.3108,711,301,700,50,710,55,210,40,35
48061245,1.1235,312,127,265,25,315,5,110,15,10
48061246,0.137,420,170,350,50,420,15,130,20,10
48061247,0.2631,983,364,1060,355,980,60,295,80,65
48061248,0.3655,1170,467,1250,180,1170,60,350,80,70
48061249,0.3271,682,256,735,100,680,20,210,40,30
48061250,0.2994,831,413,860,85,830,60,230,40,30
48061252,0.0547,392,159,365,100,390,30,105,40,30
48061253,0.2328,478,191,500,115,475,15,155,35,30
48061256,0.0626,207,80,200,20,210,20,60,5,0
48061257,0.1502,454,189,465,90,455,30,135,25,20
48061258,0.2736,888,378,915,175,885,70,245,65,55
48061259,0.2376,459,167,450,60,460,5,145,20,10
48061260,0.1673,589,209,595,40,585,15,185,10,5
48061261,0.072,263,84,260,35,255,0,80,5,5
48061262,0.2327,415,154,460,20,415,10,130,15,15
48061263,0.221,432,158,390,60,435,15,135,15,5
48061264,0.2031,326,121,325,30,330,5,95,10,10
48061265,0.1453,430,187,440,35,430,35,140,25,15
48061266,0.36,538,208,470,15,540,40,165,25,15
48061267,0.1194,317,122,345,0,315,10,105,10,10
48061268,0.2795,711,280,720,135,710,15,220,25,15
48061269,0.1344,408,160,405,45,410,15,130,15,10
48061271,0.1006,290,114,265,20,290,10,95,15,15
48061272,2.1399,653,267,690,50,650,20,205,15,10
48061273,0.1312,337,147,290,55,340,10,110,20,10
48061274,0.1197,345,144,320,20,345,20,105,15,10
48061275,0.1733,376,163,335,25,375,15,125,20,15
48061276,0.2189,364,146,325,40,365,15,120,15,5
48061277,0.1842,430,184,390,30,430,25,130,15,10
48061278,0.272,547,229,510,35,545,40,165,30,15
48061279,0.2055,454,206,435,40,455,15,135,20,20
48061280,0.1453,394,172,460,45,395,20,120,20,15
48061281,0.2061,438,188,420,40,440,25,125,25,20
48061282,0.2848,649,276,655,70,650,35,195,30,20
48061283,0.186,501,206,520,65,505,20,150,20,15
48061284,0.1665,368,153,375,90,365,20,105,30,25
48061285,0.1641,332,142,310,0,330,15,115,20,10
48061286,0.2346,522,215,515,25,520,20,150,25,20
48061287,0.1738,526,225,505,95,525,25,160,25,20
48061288,0.2579,511,221,475,125,510,25,145,20,10
48061289,0.1188,1085,498,915,380,905,130,210,60,50
48061290,0.1227,572,249,650,160,570,30,155,35,25
48061295,0.0858,727,330,700,300,720,85,190,55,45
48061296,0.201,581,239,565,100,575,50,165,25,20
48061297,0.1785,551,207,525,160,550,50,160,40,40
48061298,0.1633,538,239,500,170,540,45,155,30,25
48061299,0.1566,436,179,485,85,430,20,135,20,15
48061300,1.2912,579,266,560,130,575,35,160,30,25
48061301,0.8004,592,225,600,40,590,25,180,5,5
48061302,0.2454,599,240,565,80,600,20,185,25,15
48061303,0.1643,584,275,605,200,585,35,160,25,15
48061304,0.1914,500,212,530,45,495,20,145,20,15
48061305,0.431,476,188,455,15,480,20,160,20,15
48061306,0.1797,461,176,455,35,460,5,145,10,5
48061307,0.3039,433,154,440,80,430,15,135,10,5
48061308,0.1356,343,122,345,30,340,0,105,20,10
48061309,0.3902,433,154,460,40,430,20,135,5,5
48061310,0.1344,402,147,365,15,405,15,130,10,10
48061311,0.2376,425,142,360,70,425,0,130,10,5
48061312,0.1346,359,122,390,35,355,0,110,5,5
48061313,0.2027,376,133,365,35,375,5,120,10,0
48061314,0.5692,553,215,625,100,550,15,175,15,10
48061315,0.1384,383,156,390,95,385,20,120,15,10
48061316,0.0962,283,102,330,45,285,10,75,10,5
48061317,0.0758,515,263,495,70,515,25,140,40,25
48061318,0.2141,518,211,600,65,520,30,160,20,20
48061319,0.1191,322,132,310,65,320,30,90,10,10
48061320,0.1865,546,208,615,95,550,10,175,15,15
48061321,0.1903,735,291,705,200,735,65,210,45,35
48061322,0.1321,218,85,210,20,215,5,65,10,5
48061323,0.3371,980,459,1005,170,980,60,275,80,65
48061324,0.384,460,159,450,105,460,15,150,10,10
48061325,0.398,1115,510,1100,395,1105,70,290,75,50
48061326,0.1152,285,110,345,35,285,10,95,10,5
48061327,0.1251,306,117,310,20,305,5,95,5,0
48061328,0.2957,574,197,560,65,575,10,175,5,5
48061329,0.2137,501,174,480,80,500,10,150,10,10
48061330,0.0586,410,203,370,80,410,40,120,30,20
48061331,1.1406,699,336,615,75,695,50,230,40,25
48061332,0.6085,483,168,445,85,485,15,145,10,5
48061333,0.3162,551,192,550,65,550,15,175,5,10
48061334,0.2505,533,209,555,45,530,15,165,20,15
48061335,0.191,595,204,595,40,595,5,175,15,15
48061336,0.1873,370,140,405,35,365,20,125,10,5
48061337,0.1549,416,160,375,0,415,15,140,10,5
48061338,0.164,350,131,340,30,345,25,110,10,10
48061339,0.4927,587,255,590,70,590,25,180,15,15
48061340,0.1611,402,161,380,30,400,10,135,10,5
48061341,0.1728,339,133,320,10,340,5,110,10,10
48061342,0.1292,327,131,320,15,325,0,110,10,5
48061343,1.7404,377,133,335,30,380,5,115,10,10
48061344,0.1839,484,182,435,10,485,10,165,10,5
48061345,2.1484,331,131,325,25,330,10,110,5,5
48061346,0.1313,446,147,450,105,445,20,135,20,15
48061347,0.0788,330,104,375,75,330,10,100,10,5
48061348,0.3047,976,323,985,195,975,30,300,15,15
48061349,0.0773,307,100,315,50,305,0,100,10,0
48061350,0.1383,757,274,745,145,755,40,240,30,25
48061351,0.3213,822,277,800,70,820,20,250,25,15
48061353,0.1322,543,189,490,80,545,20,165,20,10
48061354,0.091,339,128,360,35,340,10,105,10,10
48061355,0.1112,530,204,510,125,525,25,160,50,40
48061356,0.196,472,206,485,140,470,25,125,20,20
48061357,0.1406,484,187,450,30,485,25,145,35,25
48061358,0.0699,256,87,270,40,255,5,80,10,10
48061359,0.1626,550,184,560,95,550,5,165,5,5
48061360,0.2843,883,314,935,75,880,15,280,25,20
48061362,0.5298,870,361,845,95,870,40,245,35,20
48061363,0.118,403,143,455,20,405,15,125,20,15
48061364,0.0863,301,119,360,0,300,20,90,10,5
48061365,0.1366,599,262,655,120,595,30,175,55,50
48061367,0.7366,1670,597,1330,105,1400,50,415,75,60
48061368,0.1156,366,127,350,40,365,15,115,5,5
48061370,2.2274,1037,484,980,485,930,125,245,90,80
48061372,0.8741,651,146,350,45,355,10,100,25,20
48061373,0.1091,367,138,375,50,370,5,115,15,10
48061374,0.2015,713,244,795,455,710,40,195,35,25
48061375,0.0976,479,182,485,170,480,35,135,35,20
48061376,0.1321,632,207,705,315,630,55,185,45,40
48061377,0.3205,723,267,640,185,725,40,215,40,30
48061378,0.1251,535,185,540,135,535,20,150,25,20
48061379,0.1287,471,165,455,120,475,10,140,30,20
48061380,0.0951,368,124,360,155,370,10,110,10,10
48061385,5.8777,1092,442,1150,450,1095,115,300,50,35
48061390,0.0914,380,130,380,60,380,15,110,15,5
48061391,0.2301,456,163,445,45,455,15,135,25,20
48061392,0.133,474,164,430,20,475,10,130,20,10
48061393,0.0977,324,123,320,40,330,35,100,15,15
48061397,0.5476,826,271,895,90,830,45,250,15,10
48061460,0.3354,711,219,475,90,520,35,155,20,10
48061461,0.0357,214,83,275,55,215,15,60,15,10
48061462,0.0888,520,202,475,130,520,30,150,40,35
48061463,0.0782,326,122,285,30,330,15,95,25,20
48061465,0.4154,1143,581,980,280,970,75,220,25,20
48061466,0.2141,756,416,765,55,755,30,220,15,10
48061467,0.8294,1871,1264,1850,640,1870,150,415,50,45
48061472,0.2305,575,237,585,120,575,25,175,30,25
48061473,0.312,875,402,1000,420,875,60,220,40,30
48061474,0.7208,1115,520,1080,580,1115,145,270,75,65
48061475,0.2659,1161,561,1085,460,1155,140,285,75,65
48061476,0.145,524,242,520,175,525,35,130,25,20
48061477,0.045,508,286,560,285,505,75,115,25,20
48061478,0.0987,555,305,445,120,530,105,115,35,30
48061479,0.2317,502,197,490,170,500,40,140,25,20
48061480,0.2011,504,199,520,50,500,20,140,30,20
48061481,0.1582,430,193,485,125,430,25,125,20,15
48061482,0.4101,301,136,315,25,300,20,90,15,10
48061483,6.7715,166,82,145,25,165,15,45,15,5
48061484,0.923,409,185,450,95,410,40,120,40,30
48061485,0.044,0,0,,,,,,,
48061486,0.167,473,205,465,55,470,35,125,40,30
48061487,0.1631,591,194,600,410,590,45,150,25,25
48061488,0.2185,728,343,675,295,730,80,160,40,35
48061489,0.1228,426,132,415,280,425,40,115,25,20
48061490,0.1085,473,151,360,220,475,35,130,25,15
48061491,0.1721,675,216,575,275,675,35,185,30,25
48061492,0.0485,595,181,520,430,595,110,135,25,25
48061493,0.1158,737,274,825,645,740,65,195,35,30
48061494,0.0836,397,125,465,420,400,30,100,15,10
48061495,0.0528,104,32,110,85,105,10,20,5,5
48061496,0.0688,479,173,475,330,480,35,120,30,25
48061497,0.0809,366,122,395,310,365,40,90,20,20
48061501,0.1692,692,253,805,295,690,55,200,50,35
48061502,0.063,296,91,230,90,295,0,85,15,10
48061503,0.3306,497,212,520,200,500,35,135,45,40
48061504,0.1203,488,174,410,145,490,30,140,20,15
48061506,0.3289,1018,362,955,290,1020,35,295,55,45
48061508,0.097,442,171,495,160,440,15,130,30,20
48061513,0.3255,1710,627,1755,930,1650,75,475,90,70
48061516,0.108,406,132,335,180,405,20,120,20,10
48061517,0.1768,822,273,890,390,825,20,240,35,30
48061518,0.1201,497,177,445,125,500,20,150,30,25
48061522,0.241,649,293,570,115,645,35,175,20,20
48061523,0.2012,702,316,685,200,700,50,190,25,25
48061556,0.5505,1121,390,1210,725,1120,100,335,80,75
48061557,0.1566,472,193,430,135,470,30,130,25,25
48061559,0.3939,1354,466,1335,490,1350,55,405,45,30
48061560,0.4529,1215,431,1220,475,1215,40,380,35,20
48061561,0.4957,1194,410,1140,490,1195,60,370,45,25
48061564,0.2663,908,333,910,180,905,30,270,65,55
48061565,0.3776,971,351,1100,385,970,100,275,75,60
48061566,0.1682,1520,701,1465,980,1520,300,365,110,90
48061567,0.3661,1288,460,1185,650,1280,60,395,60,50
48061569,0.326,863,394,890,285,865,115,200,35,25
48061570,0.2459,1351,600,1255,560,1350,205,320,60,50
48061571,0.0801,1369,723,1450,940,1370,305,300,50,40
48061572,1.5511,1167,499,1205,440,1165,110,315,80,70
48061573,2.1496,1111,496,1120,195,1110,35,325,15,15
48061574,0.7543,1111,434,1080,135,1110,45,320,40,30
48061575,0.3147,746,182,635,465,585,35,150,25,25
48061576,0.3428,1471,596,1460,500,1470,175,350,115,75
48061577,1.3006,1931,784,1650,400,1720,85,455,70,60
48061578,0.2257,1097,621,1095,330,1095,140,275,65,55
48061579,0.7159,1508,725,1555,490,1510,150,395,95,85
48061580,0.2558,878,499,865,335,875,115,205,55,45
48061581,0.2722,1494,760,1440,480,1480,160,365,85,70
48061583,0.5741,1810,813,1860,575,1805,95,505,145,125
48061584,0.7284,1539,486,1450,435,1540,110,440,105,80
48061585,0.3205,1126,412,1080,335,1125,85,315,95,85
48061586,0.3612,1129,369,1175,775,1130,30,305,65,50
48061588,0.2516,624,238,675,60,625,30,195,25,15
48061589,0.9903,1097,455,1045,200,1095,50,355,40,25
48061598,0.0947,451,230,480,185,450,40,125,30,30
48061599,0.0902,604,287,640,220,605,20,160,40,40
48061600,0.3956,1124,363,1100,660,1125,45,350,40,25
48061601,0.0832,223,80,180,110,225,0,80,5,5
48061602,0.202,620,208,590,285,620,15,185,20,15
48061603,0.1,313,111,265,155,315,20,105,10,10
48061604,0.1035,448,137,385,80,450,0,135,10,5
48061605,0.242,947,333,1045,500,950,50,280,50,40
48061606,0.2086,382,121,430,135,380,5,120,15,15
48061607,0.1003,507,158,495,195,505,10,140,20,15
48061608,0.0563,272,90,245,95,275,5,75,15,10
48061609,0.243,793,242,815,685,795,80,190,50,45
48061610,0.0701,270,86,320,205,270,20,75,15,15
48061613,0.5903,812,322,825,165,810,20,265,20,15
48061614,0.0612,218,83,235,60,215,0,75,5,5
48061615,0.1936,463,165,495,95,465,15,150,10,5
48061616,0.5864,955,349,900,155,955,5,320,20,15
48061617,0.4795,757,231,710,55,755,30,230,15,10
48061618,0.0653,260,81,240,15,260,5,75,5,5
48061619,0.2405,731,258,720,145,735,35,215,40,30
48061620,0.3225,1159,380,1150,165,1155,25,355,30,25
48061621,0.0992,373,134,405,135,370,20,120,25,20
48061622,3.5644,1957,794,1995,1125,1960,75,560,80,60
48061624,0.2493,846,305,885,340,845,35,250,35,35
48061625,0.1324,630,210,555,265,630,25,175,15,10
48061627,0.0728,351,112,355,115,350,10,110,10,5
48061628,0.2121,1076,358,1110,425,1075,35,310,50,35
48061629,0.1404,463,164,540,205,465,20,130,20,15
48061630,0.2704,1456,440,1515,1040,1455,135,370,105,85
48061631,0.2353,807,260,770,415,805,35,210,30,25
48061632,0.3072,931,430,985,370,930,40,295,55,40
48061633,0.1018,551,149,550,505,545,5,150,15,10
48061635,0.2367,886,311,880,280,890,20,270,25,20
48061636,0.2082,758,309,770,30,760,30,230,35,25
48061637,0.1305,537,206,470,85,540,20,145,25,25
48061638,0.1849,722,272,800,195,725,25,215,25,20
48061639,0.2221,634,227,640,170,635,35,195,20,15
48061641,0.1424,505,173,510,205,505,25,150,15,10
48061642,0.1699,873,349,900,225,870,80,260,70,65
48061643,0.0521,709,385,670,625,595,85,130,25,25
48061645,0.5869,1568,703,1450,915,1570,260,380,110,95
48061648,0.23,983,310,975,385,980,25,295,30,25
48061649,0.2384,1143,419,1085,470,1140,60,345,45,30
48061650,0.0465,293,84,265,205,290,10,75,10,5
48061652,0.6199,2517,642,2490,2145,2520,135,645,95,70
48061654,0.0598,266,96,290,20,265,5,75,5,0
48061655,0.0713,368,146,340,105,370,10,115,20,15
48061656,0.3698,1526,594,1450,355,1525,80,450,90,70
48061658,0.0551,380,105,360,195,380,10,110,15,10
48061659,0.0689,424,131,390,175,425,5,115,25,20
48061663,0.6484,1264,441,1335,525,1260,40,345,40,30
48061664,0.9927,1067,439,1120,490,1065,75,305,40,35
48061665,0.0505,271,86,300,135,265,5,80,5,5
48061666,0.281,1128,359,1150,625,1130,45,335,30,30
48061667,0.0391,217,67,215,115,215,5,60,10,5
48061668,0.2473,803,247,805,320,800,5,235,15,15
48061669,0.0363,1019,632,910,500,1020,145,225,15,10
48061670,0.0173,1264,698,1360,965,1265,210,275,40,35
48061671,0.4886,1232,414,1175,470,1230,50,360,45,35
48061672,0.1631,425,158,405,200,425,15,135,20,15
48061674,0.1169,643,179,595,480,640,30,165,25,15
48061762,0.3579,777,303,795,405,775,40,215,25,25
48061763,0.1551,596,171,550,205,595,15,165,5,5
48061764,0.2975,763,258,800,330,765,30,225,30,20
48061765,0.313,441,131,485,345,440,20,120,20,15
48061766,0.0839,434,151,460,255,435,20,125,15,10
48061767,0.2666,1067,362,1080,335,1065,30,315,35,20
48061768,0.3226,567,180,520,220,570,5,175,25,25
48061769,0.2591,807,276,805,355,805,25,245,30,20
48061770,1.0573,1694,511,1740,1250,1695,70,505,55,45
48061771,0.3175,1062,313,1055,610,1060,25,305,20,15
48061772,0.1517,936,255,855,455,935,35,255,30,25
48061773,0.2648,822,236,830,630,820,20,230,20,15
48061774,0.217,1317,573,1355,940,1315,120,340,40,30
48061775,0.2125,558,189,560,360,555,20,175,20,15
48061776,0.1642,719,239,755,380,720,15,205,30,25
48061777,0.3196,1311,473,1270,790,1310,75,355,70,55
48061778,0.061,356,167,335,165,355,15,100,10,5
48061779,0.1248,335,109,280,125,335,20,100,15,10
48061780,1.1505,981,407,1020,445,980,45,295,40,35
48061781,1.4843,2268,863,2215,1280,2270,100,670,105,90
48061785,0.0762,352,100,370,265,355,10,105,5,5
48061786,0.0679,253,80,235,170,255,0,80,10,5
48061789,0.3679,342,131,325,85,340,15,120,10,5
48061790,0.3273,1416,462,1335,635,1415,65,395,50,35
48061792,0.1529,642,235,655,270,645,35,180,25,20
48061793,0.2129,674,225,670,255,670,30,195,20,15
48061795,0.7421,1346,454,1310,655,1340,50,380,70,55
48061796,0.1548,522,187,485,130,525,5,140,20,20
48061797,0.1022,602,189,630,370,600,25,175,20,15
48061800,0.6348,1309,471,1330,640,1310,65,405,50,40
48061801,0.093,405,127,420,175,405,10,125,15,10
48061802,0.1695,206,117,180,55,205,20,60,5,5
48061803,0.3281,1370,559,1445,555,1365,95,385,60,50
48061804,0.3419,1126,515,1105,315,1130,55,330,35,25
48061805,0.1044,517,189,565,85,515,15,155,25,25
48061806,0.141,562,205,460,70,560,20,165,30,25
48061807,0.1748,524,172,470,115,525,20,150,15,10
48061808,0.3311,1216,385,1280,200,1215,45,350,35,25
48061809,0.2425,941,283,945,250,940,25,270,35,30
48061811,0.1322,712,268,685,230,710,15,205,30,20
48061812,0.5669,1598,487,1645,515,1600,50,460,55,40
48061814,0.4082,1612,530,1430,470,1495,45,450,50,40
48061858,0.259,676,250,590,90,675,35,190,30,20
48061860,0.1545,447,197,405,125,445,15,130,20,20
48061864,0.6407,1051,313,905,430,1050,50,300,10,10
48061865,0.9676,1680,530,1755,750,1680,80,495,30,25
48061870,0.2393,949,281,900,350,950,45,260,45,35
48061871,0.4077,1313,438,1405,440,1315,50,355,35,35
48061872,0.0735,216,75,220,75,220,10,60,20,20
48061873,0.785,1618,621,1570,720,1620,125,435,60,45
48061874,0.1524,854,256,810,390,855,25,230,25,20
48061875,0.2054,767,277,745,240,770,35,230,25,20
48061876,0.0741,342,111,370,155,340,10,95,15,10
48061877,0.5805,2216,689,2270,835,2220,65,630,50,40
48061878,0.5346,1448,445,1495,615,1450,60,405,45,35
48061880,0.7334,1293,401,1245,605,1290,30,375,30,20
48061881,0.6851,1406,490,1405,805,1405,80,380,60,50
48061882,0.4324,1243,409,1095,485,1185,50,350,45,35
48061883,0.1234,444,143,420,135,440,20,135,10,10
48061884,0.5197,1440,486,1425,505,1440,45,445,35,25
48061885,0.0752,244,81,265,155,245,10,75,10,5
48061886,0.1291,464,154,485,200,465,10,140,10,5
48061887,0.2789,1024,420,1000,475,925,65,275,20,15
48061888,0.1009,381,120,410,185,380,15,115,20,10
48061946,0.4687,1481,467,1505,270,1480,40,450,30,20
48061947,0.0612,285,85,280,50,285,0,85,10,5
48061949,0.0993,609,210,630,90,610,25,170,25,25
48061951,0.0704,342,134,385,135,345,15,105,20,10
48061953,0.0566,398,145,290,45,290,10,80,20,15
48061956,0.0907,540,187,560,150,540,20,150,30,20
48061957,0.1105,544,195,540,65,545,15,155,20,10
48061958,0.0994,525,192,515,105,525,10,150,35,20
48061959,0.13,612,239,585,85,610,25,170,20,20
48061986,0.1576,673,231,680,490,670,45,180,45,40
48061987,0.1658,1358,341,1075,915,1360,65,350,40,30
48061988,0.2154,1385,325,1555,1400,1385,75,360,40,40
48061989,0.1694,1109,261,1215,1115,1110,75,295,35,25
48061990,0.0497,555,134,490,480,555,40,135,20,10
48061991,0.0824,386,88,360,340,380,35,95,20,15
48061992,0.1228,1238,276,1240,1225,1240,95,285,25,15
48061993,0.0854,985,295,1050,925,985,45,245,55,50
48061994,0.1018,914,247,885,770,910,75,215,20,20
48061995,0.1426,1099,326,1190,1120,1100,70,295,40,30
48061996,0.0927,690,178,625,535,690,25,180,25,20
48061997,0.1053,1065,279,1025,980,1065,50,290,40,40
48062001,0.1046,855,212,865,790,855,65,225,30,20
48062002,0.1737,1136,302,1190,1070,1135,35,305,45,35
48062003,0.1225,808,207,795,690,805,30,220,25,20
48062004,0.3779,1715,446,1745,1530,1715,60,475,50,45
48062005,0.2339,1047,276,1030,870,1045,40,290,30,25
48062006,0.2496,836,221,675,530,835,15,245,20,15
48062008,0.332,1818,503,1820,1510,1815,75,485,95,75
48062009,0.1387,1088,289,985,775,995,30,260,45,30
48062010,0.0401,245,65,220,190,245,15,60,10,5
48062011,0.066,357,105,290,245,355,20,95,20,15
48062026,0.3025,1354,367,1360,1140,1350,55,360,70,50
48062027,0.0627,297,89,305,255,300,10,90,10,10
48062028,0.0495,267,74,320,230,265,10,75,15,15
48062029,0.0287,325,78,310,240,325,65,70,30,30
48062030,0.1588,1361,561,1405,845,1360,110,365,75,60
48062031,0.3542,1428,615,1420,905,1425,105,335,50,45
48062067,0.1144,562,174,545,235,560,20,160,25,20
48062068,0.3112,1275,407,1280,620,1275,40,365,40,30
48062069,0.2761,1220,385,1210,655,1220,65,345,60,45
48062070,0.1116,422,130,390,180,420,30,115,20,15
48062071,0.105,351,183,330,125,355,25,95,25,20
48062072,0.1603,1396,762,1355,580,1395,160,355,80,70
48062074,0.0689,420,135,450,280,420,5,125,25,20
48062076,0.0478,314,93,315,180,310,10,85,10,5
48062077,0.0926,646,198,630,365,645,35,175,30,20
48062078,0.104,659,202,580,220,660,15,190,15,15
48062080,0.1948,1021,305,900,350,1025,45,275,40,40
48062119,0.1123,917,291,935,550,915,85,220,85,75
48062120,0.1664,652,277,595,300,650,50,175,50,35
48062121,0.0776,220,91,195,45,220,30,65,15,10
48062122,0.2895,585,246,610,270,585,70,155,45,30
48062123,0.3068,1225,586,1230,490,1225,125,295,90,80
48062124,0.0798,243,105,225,15,245,10,70,10,10
48062125,0.2116,406,228,380,130,405,45,80,10,10
48062126,0.1236,580,284,610,200,580,70,155,25,20
48062127,0.0882,482,235,410,80,480,35,130,15,20
48062128,0.1228,583,272,630,105,580,30,175,30,25
48062130,0.2182,667,262,610,125,670,40,185,15,10
48062131,0.0858,659,344,670,215,660,75,165,20,15
48062134,0.1748,461,180,465,115,465,25,130,20,15
48062135,0.2882,547,219,450,135,545,60,155,30,25
48062136,0.3213,1012,610,1115,275,1010,115,215,55,35
48062138,0.0869,944,434,870,485,945,85,240,50,40
48062139,0.1966,707,296,730,395,705,45,185,40,25
48062140,0.0759,480,155,555,290,480,20,130,15,15
48062141,0.3759,1584,459,1600,955,1585,40,440,45,40
48062142,0.3595,2142,583,2100,1215,2145,55,590,55,40
48062143,0.4288,1841,545,1795,950,1840,30,520,60,45
48062144,0.3047,1310,391,1325,505,1310,35,380,30,20
48062145,0.1459,821,252,880,545,825,35,240,25,20
48062146,0.1415,670,245,710,325,670,25,185,25,25
48062147,0.193,971,300,910,470,970,35,280,40,35
48062148,0.2084,1167,462,1160,490,1065,20,285,30,25
48062149,0.1259,914,333,955,485,915,55,245,50,40
48062150,0.1204,536,168,495,190,535,20,145,25,25
48062151,0.0332,975,556,990,455,975,75,270,25,20
48062152,0.0191,1234,720,1240,735,1235,160,300,30,20
48062153,0.1278,587,321,595,280,575,65,150,10,5
48062154,0.8033,1865,806,1910,485,1865,70,530,55,35
48062155,0.3306,1145,420,1085,385,1145,35,340,25,15
48062156,0.9568,1265,454,1245,320,1265,30,410,25,20
48062157,1.28,1263,574,1285,335,1265,75,385,15,15
48062158,12.4934,115,27,55,35,85,5,20,5,0
48062159,0.1915,966,219,950,945,970,35,260,25,25
48062160,0.1269,953,213,1000,930,950,25,260,25,20
48062161,0.1448,801,204,770,710,800,35,205,35,25
48062162,0.2169,901,267,720,90,650,20,190,35,25
48062163,0.0976,697,467,645,90,700,40,155,20,20
48062164,0.1056,561,215,620,95,560,25,165,20,15
48062165,1.7205,675,366,625,105,670,40,170,25,20
48062167,0.4199,865,252,910,345,865,25,230,25,15
48062168,0.3043,890,276,885,255,890,50,255,40,35
48062169,0.1328,640,207,685,235,640,10,180,20,20
48062175,0.1755,357,125,370,135,355,0,120,10,5
48062176,0.2738,452,159,445,75,455,0,150,5,5
48062177,0.3142,629,213,670,125,625,20,200,10,10
48062178,0.8533,1012,389,970,145,1015,15,335,20,15
48062180,0.9162,1813,593,1765,615,1815,35,550,40,35
48062182,0.4498,815,291,855,165,815,25,250,20,15
48062183,0.725,791,291,785,80,790,35,260,20,15
48062184,0.1906,564,172,575,410,565,40,175,10,15
48062185,0.3221,364,132,320,170,360,15,115,5,0
48062186,0.3529,888,338,910,605,885,45,265,30,25
48062187,0.1921,752,325,725,240,750,15,240,20,15
48062188,0.1469,541,179,545,245,540,15,165,25,15
48062189,0.2189,1003,351,980,275,1000,30,305,45,30
48062190,0.1482,741,226,780,280,740,25,215,25,15
48062191,0.3033,981,323,960,290,980,20,285,45,30
48062192,0.1185,477,168,540,125,475,20,150,20,15
48062193,0.2416,942,293,900,225,945,45,270,35,25
48062196,0.5855,1386,403,1385,185,1385,30,390,35,20
48062197,0.5499,1016,341,1050,90,1015,30,300,35,30
48062198,0.1917,654,187,625,70,650,10,180,25,15
48062199,0.2273,1003,290,1005,200,1005,25,280,40,40
48062201,0.3765,998,306,1055,735,995,45,305,25,25
48062202,0.1888,625,204,680,520,620,35,190,10,10
48062203,0.2174,483,154,465,250,485,25,155,20,10
48062204,0.1981,397,136,400,250,395,15,125,15,10
48062205,0.3733,1001,385,1065,385,1000,40,310,40,30
48062206,0.1791,543,192,510,100,545,25,170,10,10
48062207,0.2271,620,210,610,205,620,10,200,15,10
48062208,11.6518,537,200,540,220,535,10,175,25,20
48062209,0.2704,694,249,650,260,695,20,220,25,15
48062210,0.6866,820,281,815,160,820,45,250,15,10
48062211,0.2753,761,247,760,205,720,15,215,25,15
48062212,0.289,614,247,535,135,515,30,150,15,15
48062213,0.3842,895,323,940,290,895,15,275,40,30
48062214,0.2672,823,293,865,230,820,15,255,25,20
48062215,1.2839,1006,362,930,350,1005,35,320,20,10
48062216,0.1133,689,285,640,400,595,95,155,35,25
48062217,0.1677,419,167,455,95,420,5,140,5,5
48062218,0.2017,863,293,815,260,855,35,280,20,15
48062219,0.3814,825,294,870,215,825,5,265,20,15
48062220,0.2343,641,228,695,135,645,35,190,30,20
48062221,0.3078,1180,348,1210,635,1180,40,320,45,35
48062222,0.3603,1234,401,1170,645,1235,60,340,60,45
48062224,0.3244,1555,471,1575,945,1555,50,425,70,60
48062225,0.2177,1008,308,1015,420,1005,45,270,30,25
48062226,0.1137,611,202,555,250,610,35,170,25,25
48062227,0.1794,625,196,660,400,625,15,175,15,15
48062228,0.2188,772,234,820,385,770,25,210,25,20
48062229,0.2369,544,196,570,420,540,30,180,5,5
48062230,0.2952,756,291,690,515,755,40,230,20,15
48062231,0.2808,1083,334,1195,1055,1080,40,335,30,20
48062232,0.2007,568,211,530,245,570,15,190,10,10
48062233,0.3218,731,235,650,345,730,35,230,15,10
48062234,1.0583,933,297,915,660,935,15,290,20,15
48062235,0.2112,436,145,445,320,440,10,145,5,5
48062236,0.2105,604,211,645,430,605,25,200,20,15
48062237,0.0802,379,113,420,225,380,25,105,10,5
48062238,0.1254,636,193,620,320,635,25,185,20,15
48062239,0.1189,349,119,355,195,345,10,105,10,10
48062240,0.2098,764,264,805,390,765,45,225,20,20
48062241,0.4801,1758,526,1740,490,1760,60,490,40,30
48062242,0.5209,2215,774,2210,540,2215,70,635,100,80
48062243,0.0857,529,163,525,175,530,25,145,15,10
48062244,0.08,464,158,470,135,465,30,125,10,10
48062246,0.0536,258,73,280,45,260,10,75,5,5
48062247,0.5452,1599,488,1630,370,1600,25,445,35,25
48062248,1.4155,1765,594,1735,330,1765,40,515,35,25
48062250,0.1974,608,193,665,140,605,20,175,20,15
48062252,1.5749,1488,767,1530,295,1490,100,425,55,40
48062254,0.3314,1356,455,1290,315,1355,50,400,55,35
48062256,0.3567,1018,334,1130,520,1020,45,305,40,35
48062258,0.1826,557,176,635,480,560,30,145,25,20
48062259,0.1737,907,251,955,815,910,35,245,40,30
48062260,1.6366,834,239,815,555,835,45,225,40,35
48062261,0.2617,565,207,610,265,565,10,180,15,15
48062262,0.8628,1147,538,1060,340,1140,85,315,45,40
48062263,0.0897,304,89,245,165,300,15,85,20,15
48062265,0.1518,872,244,880,790,875,40,235,45,30
48062268,0.4703,816,261,785,425,815,25,240,30,20
48062269,0.3194,922,287,840,430,925,35,250,50,40
48062271,0.2627,967,278,1030,520,965,30,260,45,30
48062273,0.569,1371,486,1375,630,1370,60,390,65,55
48062275,0.1569,653,206,705,165,650,10,190,15,15
48062276,0.3743,1331,415,1375,675,1330,25,390,35,20
48062277,0.2622,910,306,920,485,910,55,250,35,30
48062278,0.2705,855,266,845,505,855,75,250,25,25
48062279,0.4182,1292,405,1355,705,1290,55,360,35,30
48062280,0.2393,1322,436,1270,795,1320,80,370,40,30
48062281,0.2131,522,149,480,270,520,35,140,15,15
48062282,0.1831,1062,327,995,450,1065,35,290,30,25
48062283,0.1852,1004,328,980,450,1005,35,280,45,35
48062287,0.2437,538,174,625,335,535,25,160,30,20
48062288,1.013,1550,479,1555,800,1550,65,425,70,50
48062290,0.2062,1299,303,1335,1280,1300,70,345,45,30
48062293,0.1413,856,270,880,615,855,40,235,55,35
48062294,0.1177,914,236,925,815,915,55,235,35,25
48062295,0.4279,1686,526,1720,870,1685,75,455,70,55
48062296,0.3266,1390,445,1340,765,1390,60,375,50,40
48062297,0.7317,2629,760,2800,1530,2625,100,715,90,55
48062300,0.6654,3857,1049,3800,2970,3855,130,1035,125,100
48062301,0.2733,1089,291,1175,875,1090,30,295,20,15
48062302,0.406,1625,461,1580,1080,1625,45,450,60,45
48062305,0.363,778,242,680,370,775,45,225,30,25
48062306,0.1466,384,118,360,205,385,15,110,15,15
48062307,0.2558,917,455,765,295,810,80,210,55,40
48062308,0.4037,754,397,750,85,755,35,230,30,25
48062309,0.1397,623,313,595,365,625,45,160,40,35
48062310,0.1518,544,168,590,225,545,10,140,20,15
48062311,0.6328,389,114,390,225,390,5,110,5,5
48062312,0.2788,968,294,1010,455,965,50,270,35,25
48062313,0.2072,539,251,515,70,535,30,145,25,15
48062314,0.1441,571,195,565,140,570,20,165,25,20
48062315,0.1969,646,196,690,260,645,20,180,20,20
48062316,0.1441,777,251,775,110,775,25,220,30,25
48062317,0.5807,2271,1099,2265,995,2270,175,590,125,85
48062318,0.1034,685,236,660,160,685,30,195,30,25
48062319,0.0677,449,169,505,200,450,25,130,25,20
48062324,1.1126,867,310,900,280,870,45,285,25,20
48062325,0.58,990,431,970,220,990,35,285,40,30
48062326,0.1123,500,196,495,45,500,10,145,25,20
48062327,0.2871,1228,418,1205,375,1225,40,380,25,25
48062328,0.5251,2186,675,2260,460,2185,35,635,55,40
48062329,0.3767,1475,509,1415,420,1475,45,420,65,50
48062330,0.2151,1015,313,975,235,1015,35,290,35,25
48062334,43.0467,443,157,285,15,285,35,65,20,15
48062335,0.1366,307,107,300,25,310,0,90,15,10
48062336,0.1279,401,169,385,10,400,15,120,25,15
48062337,0.1812,585,213,550,55,585,20,180,20,15
48062338,0.2968,898,275,850,90,895,25,265,15,10
48062339,0.4085,1282,502,1395,165,1280,35,365,60,50
48062340,0.1537,835,268,805,140,835,25,240,25,20
48062344,0.1444,608,229,740,215,610,20,155,30,25
48062345,0.1934,949,311,965,310,945,30,265,30,20
48062346,0.6818,2285,752,2295,610,2285,50,635,90,65
48062347,0.205,1259,395,1165,525,1260,65,360,45,30
48062353,0.1531,383,186,360,75,385,25,105,20,10
48062354,0.2175,492,217,335,65,350,10,100,15,15
48062355,0.2783,2286,844,2255,840,2285,70,645,95,70
48062356,0.7511,1082,352,1105,895,1085,40,340,35,30
48062358,0.8494,1371,447,1305,505,1370,40,385,55,45
48062360,0.8974,935,259,860,240,935,15,250,15,10
48062363,0.8126,1225,408,1270,315,1225,40,375,20,15
48062364,0.256,772,309,870,185,770,20,215,15,5
48062367,0.9908,1017,286,1070,330,1015,40,275,25,25
48062368,0.2836,375,225,350,55,375,10,125,10,10
48062370,0.0733,341,112,435,385,345,10,95,20,20
48062371,0.1914,1106,263,985,930,1105,45,300,25,20
48062372,0.2174,1136,317,1140,875,1140,50,300,50,40
48062373,0.1608,1109,264,1130,1015,1110,55,295,35,25
48062374,0.1702,1390,383,1340,1075,1390,65,370,55,40
48062375,0.2059,956,261,925,800,955,60,250,55,45
48062376,0.2461,1782,491,1705,1310,1785,115,465,65,55
48062390,7.109,15,7,,,,,,,
48062393,30.3966,3914,1300,3915,2975,3915,95,1155,110,90
48062395,5.3344,0,1,,,,,,,
48062402,37.7362,312,124,280,90,310,10,100,15,15
48062416,0.1202,316,99,350,165,320,5,100,15,10
48062417,0.0259,299,108,305,155,300,20,85,25,15
48062508,2.5475,3357,1030,3385,1055,3360,175,915,110,85
48062509,2.6709,5568,1878,5535,3035,5445,300,1520,165,125
48062510,0.0303,507,319,590,275,505,35,110,5,5
48062511,0.086,518,389,505,160,510,55,75,5,5
48062512,0.4709,0,1,,,,,,,
48062513,0.1256,735,541,840,220,725,90,115,10,5
48062514,1.4686,2730,819,2825,1425,2730,65,755,60,50
48062515,9.992,6933,2348,6935,3620,6935,190,2015,230,180
48062516,10.3158,9296,2370,9235,8910,9295,295,2495,260,220
48062517,0.5141,3651,819,3795,3555,3650,120,940,100,80
48062518,5.7754,0,1,,,,,,,
48062519,10.6036,13230,3573,12830,11765,12765,375,3495,360,305
48062520,0.7778,6647,2501,6600,5140,6645,325,1830,330,265
48062521,0.8414,7414,2267,7415,6155,7355,280,1990,255,210
48062522,3.6541,656,192,645,605,655,10,180,20,15
48062523,0.4363,4671,1172,4710,4510,4665,290,1235,150,115
48062524,0.8878,3859,993,3675,3355,3860,145,1020,120,105
48062525,0.4892,3790,965,3755,3460,3765,240,955,130,100
48062526,2.5343,3780,881,3735,3530,3780,160,985,120,85
48062527,0.4616,176,38,175,175,180,5,50,0,0
48062528,0.0601,420,118,390,230,420,5,110,20,15
48062529,0.0386,286,72,360,330,285,10,75,5,5
48062530,1.0985,3851,1177,3885,2685,3850,165,1080,95,80
48062531,1.2846,5946,1830,5630,3720,5740,200,1600,155,125
48062532,0.838,3713,1096,3545,2255,3555,125,990,115,90
48062533,1.5378,2920,937,2840,2440,2920,95,830,90,70
48062537,0.4345,3688,1473,3580,2555,3690,310,990,180,155
48062538,1.0739,3565,1054,3530,2540,3565,170,1000,155,130
48062539,1.6587,5281,1537,5465,4310,5275,205,1445,130,105
48062541,0.8613,4219,1241,4240,1780,4215,115,1160,110,70
48062542,0.1133,674,185,685,205,670,15,180,20,20
48062544,0.1895,1033,344,1095,255,1030,25,285,40,30
48062548,1.0264,3438,1334,3400,1260,3430,155,940,155,115
48062550,1.0189,3596,1138,3580,1520,3590,105,975,105,80
48062551,0.3362,2273,819,2275,975,2275,75,640,90,75
48062552,1.9167,4380,1629,4290,1830,4380,130,1165,145,110
48062553,1.0824,3495,1161,3500,890,3495,105,980,145,105
48062554,0.831,2938,860,2990,1025,2935,50,805,80,55
48062555,1.3489,5009,1372,4960,1270,5010,100,1355,100,75
48062556,0.6301,3409,1456,3400,1215,3405,150,945,115,95
48062557,0.5047,3445,1369,3245,1085,3285,145,920,190,155
48062558,1.1656,3317,1112,3295,1025,3315,110,945,100,80
48062559,20.0212,14189,5333,14180,5680,14045,495,3960,370,290
48062560,1.0963,3461,1183,3410,1185,3460,110,970,135,100
48062561,3.9147,9200,3209,9215,2880,9200,265,2675,225,170
48062562,0.4874,1163,493,1130,400,1160,55,340,35,30
48062563,0.2415,1377,622,1185,420,1260,95,345,55,40
48062564,0.329,1348,434,1360,665,1345,20,375,45,35
48062565,0.5254,1097,311,1135,595,1095,15,310,15,5
48062566,0.5613,1616,519,1775,690,1620,45,470,45,45
48062567,0.2498,880,304,850,255,880,25,265,20,15
48062568,0.2766,1098,473,1095,225,1100,35,325,35,25
48062570,0.3707,1677,447,1680,905,1680,50,445,30,25
48062571,1.5192,1324,447,1380,150,1325,30,425,30,25
48062572,0.3017,685,270,695,45,685,15,230,20,15
48062574,1.6391,1276,372,1295,570,1275,30,350,25,20
48062575,0.2784,911,272,950,375,910,25,250,25,20
48062576,0.1353,658,232,655,260,660,35,175,25,25
48062577,0.2302,1350,450,1365,620,1350,55,385,55,45
48062578,16.3982,769,221,740,405,770,25,215,25,20
48062579,0.6689,1698,469,1755,1110,1695,50,460,45,35
48062580,0.2848,1198,415,1170,550,1195,40,345,80,65
48062581,0.1459,919,284,885,505,920,30,260,40,35
48062582,3.1734,670,219,660,355,670,15,200,20,15
48062584,0.1867,1218,467,1215,695,1220,85,330,65,55
48062585,0.1464,916,401,890,335,920,60,290,40,30
48062586,0.6877,925,324,985,220,925,20,305,20,15
48062587,0.3447,1145,372,1090,410,1145,25,335,40,25
48062588,0.7191,1692,559,1755,355,1690,35,495,50,30
48062589,0.1305,829,319,850,165,825,30,260,35,20
48062590,0.1456,767,210,770,95,770,20,200,20,15
48062591,0.2498,1278,409,1170,330,1280,40,350,50,35
48062592,1.0442,318,99,285,85,315,15,100,5,5
48062593,0.3898,1589,472,1630,325,1590,55,440,45,35
48062594,2.3365,925,256,880,210,925,15,255,15,10
48062595,0.1981,913,271,970,570,910,25,240,35,25
48062596,0.2378,1252,402,1210,735,1255,50,330,45,35
48062597,0.3804,1584,522,1485,615,1585,100,450,55,40
48062598,5.49,1413,718,1405,690,1395,120,350,30,25
48062599,0.1113,913,541,910,250,915,55,255,50,40
48062600,0.1352,645,208,680,170,645,20,185,35,30
48062601,0.5012,1508,568,1450,270,1510,35,420,85,70
48062602,2.5438,1225,451,1175,415,1225,55,345,35,30
48062603,0.2956,1253,365,1235,675,1255,30,360,30,25
48062604,0.1329,833,288,825,555,835,55,240,45,40
48062620,0.6316,1571,643,1510,310,1570,65,440,70,45
48062621,2.4676,2326,781,2395,750,2325,60,670,80,60
48062622,1.0028,4799,1675,4625,2285,4800,175,1375,175,140
48062623,4.2057,3391,1332,3425,1640,3390,105,1025,110,90
48062624,5.8828,7975,3062,8130,3505,7970,315,2265,305,245
48062625,10.3129,747,0,,,0,0,0,0,0
48062626,0.3078,1975,534,2040,1590,1975,100,530,45,35
48062627,0.4672,1401,363,1375,1005,1400,35,365,25,20
48062628,0.4118,1834,597,1965,1365,1835,70,520,50,40
48062629,0.8388,3371,1190,3380,2335,3370,220,955,125,105
48062630,0.8384,3626,1231,3595,1995,3625,95,1005,95,75
48062631,0.2077,953,375,895,385,950,50,270,25,20
48062632,0.8109,505,248,510,285,505,40,150,35,30
48062633,0.7211,2890,1099,2860,1935,2890,125,810,100,85
48062634,0.4523,1938,612,1850,1580,1940,165,540,75,65
48062635,0.3196,1595,795,1575,895,1595,145,425,55,45
48062636,0.51,1864,510,1820,1440,1865,80,495,45,35
48062637,0.9855,2735,914,2855,2145,2730,125,755,95,70
48062638,0.6138,1980,570,1730,1245,1780,65,490,60,50
48062639,1.3036,3715,1115,3725,2175,3715,130,1040,95,70
48062640,0.2033,990,254,1050,650,990,30,255,40,30
48062641,0.2009,1267,379,1240,635,1265,50,350,50,40
48062642,0.6532,348,2,,,0,0,0,0,0
48062643,0.2879,2383,1289,2415,1170,2380,155,660,140,105
48062672,0.3844,627,179,585,455,625,35,175,45,35
48062673,16.6051,163,50,190,105,160,0,50,5,5
48062719,0.3682,774,262,800,155,775,5,245,15,10
48062720,0.6825,821,397,855,140,820,25,270,15,10
48062721,0.3919,624,215,595,190,515,20,170,10,5
48062722,1.2446,10,0,,,,,,,
48062723,1.6522,119,35,95,55,120,0,30,5,5
48062724,1.3001,528,180,525,195,530,15,165,10,10
48062726,1.1804,5,2,,,,,,,
48062727,1.3006,63,38,45,10,65,10,15,5,5
48062728,0.4479,443,162,415,135,445,30,130,5,5
48062729,0.5054,675,272,675,265,675,30,200,20,20
48062730,0.3561,886,278,890,250,885,40,265,15,15
48062731,0.8144,1068,290,945,445,1070,80,290,15,10
48062733,0.1912,482,203,480,95,485,30,130,15,10
48062734,0.2127,556,228,550,145,555,45,155,30,15
48062735,0.4631,985,372,1005,125,985,40,305,35,25
48062736,0.1985,471,195,460,95,470,20,135,30,25
48062741,0.1948,498,214,560,140,495,45,130,25,20
48062742,0.3143,1428,598,1435,305,1430,90,375,100,85
48062743,0.1054,512,205,540,100,510,20,150,15,10
48062749,0.3011,616,286,670,100,615,10,170,10,5
48062750,0.1697,618,255,620,115,615,45,175,30,20
48062751,0.0403,390,274,345,95,390,90,60,5,5
48062753,0.0319,398,295,420,150,395,60,65,5,5
48062755,0.0332,506,353,445,155,505,45,90,0,5
48062757,0.1121,479,255,525,135,480,30,135,15,15
48062759,0.0272,390,276,365,105,390,40,65,10,5
48062760,0.3151,506,181,545,125,510,25,155,5,0
48062762,0.1134,609,403,585,125,610,55,115,15,15
48062763,0.0729,821,513,895,225,820,95,175,25,20
48062765,0.1482,340,188,300,50,335,25,85,15,5
48062766,0.1631,690,429,755,120,690,70,150,15,10
48062768,0.1099,143,84,120,30,110,5,25,0,0
48062769,0.5476,980,667,935,360,980,90,200,10,10
48062771,0.3409,428,158,460,130,430,20,125,10,5
48062772,0.2811,924,445,930,250,925,75,250,35,30
48062773,0.1418,426,179,405,80,430,40,110,15,10
48062775,0.0859,369,161,420,150,365,30,95,10,10
48062777,0.1839,810,374,840,380,810,105,190,30,30
48062779,0.3533,1017,436,955,270,1015,110,230,40,30
48062781,0.0734,722,449,690,175,720,75,175,35,25
48062782,0.8348,672,243,670,95,670,5,205,10,10
48062784,0.3249,1189,641,1205,245,1185,90,320,75,65
48062785,0.4222,564,188,610,200,565,25,170,20,10
48062786,1.4817,343,5,,,5,5,0,0,0
48062787,0.1596,348,127,330,130,350,25,95,0,0
48062789,0.4984,616,245,605,205,615,35,170,40,30
48062790,0.4094,1267,462,1320,580,1265,60,345,70,55
48062791,0.3116,659,249,615,195,660,25,195,30,20
48062792,0.133,476,141,280,95,275,20,85,15,10
48062793,3.9382,0,0,,,,,,,
48062794,1.3014,792,252,860,465,795,25,220,25,20
